symbol,quarter,date,intimation,lead_days,release_time,session,first_tradable,superseded
AXISBANK,FY19Q3,2019-01-29,2018-12-20 18:36:00,40,2019-01-29 16:03:47,POST_CLOSE,2019-01-30,False
AXISBANK,FY19Q4,2019-04-25,2019-03-27 11:19:00,29,2019-04-25 16:45:48,POST_CLOSE,2019-04-26,False
AXISBANK,FY20Q1,2019-07-30,2019-07-04 11:53:00,26,2019-07-30 16:02:22,POST_CLOSE,2019-07-31,False
AXISBANK,FY20Q2,2019-10-21,2019-09-20 12:35:00,31,,UNKNOWN,,False
AXISBANK,FY20Q3,2020-01-22,2019-12-17 16:05:00,36,2020-01-22 16:20:19,POST_CLOSE,2020-01-23,False
AXISBANK,FY20Q4,2020-04-28,2020-04-23 20:15:00,5,2020-04-28 16:44:50,POST_CLOSE,2020-04-29,False
AXISBANK,FY21Q1,2020-07-21,2020-07-14 12:58:00,7,2020-07-21 16:55:47,POST_CLOSE,2020-07-22,False
AXISBANK,FY21Q2,2020-10-28,2020-09-28 13:03:00,30,2020-10-28 18:09:55,POST_CLOSE,2020-10-29,False
AXISBANK,FY21Q3,2021-01-27,2020-12-21 10:37:00,37,2021-01-27 16:41:26,POST_CLOSE,2021-01-28,False
AXISBANK,FY21Q4,2021-04-27,2021-04-12 12:22:00,15,2021-04-27 16:47:20,POST_CLOSE,2021-04-28,False
AXISBANK,FY22Q1,2021-07-26,2021-06-29 15:30:00,27,2021-07-26 17:22:09,POST_CLOSE,2021-07-27,False
AXISBANK,FY22Q2,2021-10-26,2021-09-24 15:47:00,32,2021-10-26 16:36:57,POST_CLOSE,2021-10-27,False
AXISBANK,FY22Q3,2022-01-24,2021-12-16 17:26:00,39,2022-01-24 16:40:41,POST_CLOSE,2022-01-25,False
AXISBANK,FY22Q4,2022-04-28,2022-04-08 17:17:00,20,2022-04-28 16:53:24,POST_CLOSE,2022-04-29,False
AXISBANK,FY23Q1,2022-07-25,2022-07-06 12:34:00,19,2022-07-25 16:30:06,POST_CLOSE,2022-07-26,False
AXISBANK,FY23Q2,2022-10-20,2022-10-06 13:23:00,14,2022-10-20 16:51:04,POST_CLOSE,2022-10-21,False
AXISBANK,FY23Q3,2023-01-23,2023-01-11 10:07:00,12,2023-01-23 15:48:44,POST_CLOSE,2023-01-24,False
AXISBANK,FY23Q4,2023-04-27,2023-04-05 17:55:58,22,2023-04-27 16:06:55,POST_CLOSE,2023-04-28,False
AXISBANK,FY24Q1,2023-07-26,2023-07-11 10:57:41,15,2023-07-26 16:02:05,POST_CLOSE,2023-07-27,False
AXISBANK,FY24Q2,2023-10-25,2023-10-06 15:30:02,19,2023-10-25 16:00:39,POST_CLOSE,2023-10-26,False
AXISBANK,FY24Q3,2024-01-23,2024-01-03 20:17:25,20,2024-01-23 16:01:24,POST_CLOSE,2024-01-24,False
AXISBANK,FY24Q4,2024-04-24,2024-04-18 18:21:23,6,2024-04-24 16:25:23,POST_CLOSE,2024-04-25,False
AXISBANK,FY25Q1,2024-07-24,2024-07-05 18:29:26,19,2024-07-24 15:48:22,POST_CLOSE,2024-07-25,False
AXISBANK,FY25Q2,2024-10-17,2024-10-07 17:49:50,10,2024-10-17 15:43:12,POST_CLOSE,2024-10-18,False
AXISBANK,FY25Q3,2025-01-16,2025-01-06 17:59:33,10,2025-01-16 15:42:18,POST_CLOSE,2025-01-17,False
AXISBANK,FY25Q4,2025-04-24,2025-04-15 18:47:47,9,2025-04-24 17:01:36,POST_CLOSE,2025-04-25,False
AXISBANK,FY26Q1,2025-07-17,2025-07-02 18:12:39,15,2025-07-17 15:39:12,POST_CLOSE,2025-07-18,False
AXISBANK,FY26Q2,2025-10-15,2025-10-03 16:26:37,12,2025-10-15 15:36:43,POST_CLOSE,2025-10-16,False
AXISBANK,FY26Q3,2026-01-26,2026-01-08 17:15:05,18,2026-01-26 13:14:18,NON_TRADING_DAY,2026-01-27,False
AXISBANK,FY26Q4,2026-04-25,2026-04-16 16:37:21,9,2026-04-25 12:58:44,NON_TRADING_DAY,2026-04-27,False
AXISBANK,FY27Q1,2026-07-18,2026-06-19 14:54:22,29,2026-07-18 11:24:12,NON_TRADING_DAY,2026-07-20,False
BHARTIARTL,FY19Q3,2019-01-31,2019-01-16 15:21:00,15,2019-01-31 18:41:00,POST_CLOSE,2019-02-01,False
BHARTIARTL,FY19Q4,2019-05-06,2019-04-11 17:51:00,25,2019-05-06 19:14:57,POST_CLOSE,2019-05-07,False
BHARTIARTL,FY20Q1,2019-08-01,2019-07-16 18:03:00,16,2019-08-01 16:42:57,POST_CLOSE,2019-08-02,False
BHARTIARTL,FY20Q2,2019-10-29,2019-10-11 14:03:00,18,,UNKNOWN,,False
BHARTIARTL,FY20Q2,2019-11-14,2019-11-08 16:04:00,6,2019-11-14 16:42:56,POST_CLOSE,2019-11-15,False
BHARTIARTL,FY20Q3,2020-02-04,2020-01-22 15:02:00,13,2020-02-04 17:32:38,POST_CLOSE,2020-02-05,False
BHARTIARTL,FY20Q4,2020-05-18,2020-05-14 22:42:00,4,2020-05-18 21:58:00,POST_CLOSE,2020-05-19,False
BHARTIARTL,FY21Q1,2020-07-29,2020-07-20 18:15:00,9,2020-07-29 19:22:00,POST_CLOSE,2020-07-30,False
BHARTIARTL,FY21Q2,2020-10-27,2020-10-13 14:01:00,14,2020-10-27 16:08:47,POST_CLOSE,2020-10-28,False
BHARTIARTL,FY21Q3,2021-02-03,2021-01-20 16:32:00,14,2021-02-03 16:12:45,POST_CLOSE,2021-02-04,False
BHARTIARTL,FY21Q4,2021-05-17,2021-05-11 18:44:00,6,2021-05-17 15:54:56,POST_CLOSE,2021-05-18,False
BHARTIARTL,FY22Q1,2021-08-03,2021-07-27 18:35:00,7,2021-08-03 16:21:32,POST_CLOSE,2021-08-04,False
BHARTIARTL,FY22Q2,2021-11-02,2021-10-22 20:52:00,11,2021-11-02 15:44:41,POST_CLOSE,2021-11-03,False
BHARTIARTL,FY22Q3,2022-02-08,2022-02-01 20:30:00,7,2022-02-08 15:42:07,POST_CLOSE,2022-02-09,False
BHARTIARTL,FY22Q4,2022-05-17,2022-05-05 21:52:00,12,2022-05-17 15:41:35,POST_CLOSE,2022-05-18,False
BHARTIARTL,FY23Q1,2022-08-08,2022-08-01 16:01:00,7,2022-08-08 16:31:57,POST_CLOSE,2022-08-10,False
BHARTIARTL,FY23Q2,2022-10-31,2022-10-17 22:42:00,14,2022-10-31 15:56:43,POST_CLOSE,2022-11-01,False
BHARTIARTL,FY23Q3,2023-02-07,2023-01-16 17:17:00,22,2023-02-07 15:41:38,POST_CLOSE,2023-02-08,False
BHARTIARTL,FY23Q4,2023-05-16,2023-05-02 20:10:47,14,2023-05-16 16:24:22,POST_CLOSE,2023-05-17,False
BHARTIARTL,FY24Q1,2023-08-03,2023-07-24 21:18:39,10,2023-08-03 16:44:27,POST_CLOSE,2023-08-04,False
BHARTIARTL,FY24Q2,2023-10-31,2023-10-18 20:27:01,13,2023-10-31 16:39:38,POST_CLOSE,2023-11-01,False
BHARTIARTL,FY24Q3,2024-02-05,2024-01-19 20:55:11,17,2024-02-05 15:52:09,POST_CLOSE,2024-02-06,False
BHARTIARTL,FY24Q4,2024-05-14,2024-04-25 19:26:20,19,2024-05-14 16:18:35,POST_CLOSE,2024-05-15,False
BHARTIARTL,FY25Q1,2024-08-05,2024-07-23 22:01:00,13,2024-08-05 16:45:50,POST_CLOSE,2024-08-06,False
BHARTIARTL,FY25Q2,2024-10-28,2024-10-15 20:02:51,13,2024-10-28 15:58:48,POST_CLOSE,2024-10-29,False
BHARTIARTL,FY25Q3,2025-02-06,2025-01-22 20:13:44,15,2025-02-06 16:35:18,POST_CLOSE,2025-02-07,False
BHARTIARTL,FY25Q4,2025-05-13,2025-04-25 19:33:34,18,2025-05-13 17:30:25,POST_CLOSE,2025-05-14,False
BHARTIARTL,FY26Q1,2025-08-05,2025-07-25 21:45:34,11,2025-08-05 16:59:21,POST_CLOSE,2025-08-06,False
BHARTIARTL,FY26Q2,2025-11-03,2025-10-23 18:14:51,11,2025-11-03 16:33:29,POST_CLOSE,2025-11-04,False
BHARTIARTL,FY26Q3,2026-02-05,2026-01-20 19:58:53,16,2026-02-05 16:16:36,POST_CLOSE,2026-02-06,False
BHARTIARTL,FY26Q4,2026-05-13,2026-05-01 18:34:33,12,2026-05-13 16:44:51,POST_CLOSE,2026-05-14,False
HDFCBANK,FY19Q3,2019-01-19,2018-12-17 13:58:00,33,2019-01-19 16:12:00,NON_TRADING_DAY,2019-01-21,False
HDFCBANK,FY19Q4,2019-04-20,2019-03-12 18:46:00,39,2019-04-20 15:31:47,NON_TRADING_DAY,2019-04-22,False
HDFCBANK,FY20Q1,2019-07-20,2019-06-15 12:07:00,35,2019-07-20 16:05:00,NON_TRADING_DAY,2019-07-22,False
HDFCBANK,FY20Q2,2019-10-19,2019-09-19 11:24:00,30,2019-10-19 16:25:16,NON_TRADING_DAY,2019-10-22,False
HDFCBANK,FY20Q3,2020-01-18,2019-12-09 17:26:00,40,2020-01-18 15:27:15,NON_TRADING_DAY,2020-01-20,False
HDFCBANK,FY20Q4,2020-04-18,2020-03-11 17:59:00,38,2020-04-18 14:31:53,NON_TRADING_DAY,2020-04-20,False
HDFCBANK,FY21Q1,2020-07-18,2020-06-15 14:32:00,33,2020-07-18 12:40:25,NON_TRADING_DAY,2020-07-20,False
HDFCBANK,FY21Q2,2020-10-17,2020-09-14 13:28:00,33,2020-10-17 16:19:30,NON_TRADING_DAY,2020-10-19,False
HDFCBANK,FY21Q3,2021-01-16,2020-12-14 18:01:00,33,2021-01-16 16:46:43,NON_TRADING_DAY,2021-01-18,False
HDFCBANK,FY21Q4,2021-04-17,2021-03-15 20:25:00,33,2021-04-17 14:32:57,NON_TRADING_DAY,2021-04-19,False
HDFCBANK,FY22Q1,2021-07-17,2021-06-11 21:24:00,36,2021-07-17 12:53:37,NON_TRADING_DAY,2021-07-19,False
HDFCBANK,FY22Q2,2021-10-16,2021-09-22 23:52:00,24,2021-10-16 14:50:25,NON_TRADING_DAY,2021-10-18,False
HDFCBANK,FY22Q3,2022-01-15,2021-12-14 17:59:00,32,2022-01-15 13:36:52,NON_TRADING_DAY,2022-01-17,False
HDFCBANK,FY22Q4,2022-04-16,2022-03-21 16:03:00,26,2022-04-16 14:27:46,NON_TRADING_DAY,2022-04-18,False
HDFCBANK,FY23Q1,2022-07-16,2022-06-17 17:58:00,29,2022-07-16 13:34:48,NON_TRADING_DAY,2022-07-18,False
HDFCBANK,FY23Q2,2022-10-15,2022-09-14 16:56:00,31,2022-10-15 13:49:18,NON_TRADING_DAY,2022-10-17,False
HDFCBANK,FY23Q3,2023-01-14,2022-12-16 15:28:00,29,2023-01-14 13:02:51,NON_TRADING_DAY,2023-01-16,False
HDFCBANK,FY23Q4,2023-04-15,2023-03-30 15:33:00,16,2023-04-15 13:32:50,NON_TRADING_DAY,2023-04-17,False
HDFCBANK,FY24Q1,2023-07-17,2023-07-08 19:38:58,9,2023-07-17 12:45:33,INTRADAY,2023-07-17,False
HDFCBANK,FY24Q2,2023-10-15,2023-10-06 15:13:15,9,,UNKNOWN,,False
HDFCBANK,FY24Q3,2024-01-16,2023-12-20 12:41:29,27,2024-01-16 15:53:02,POST_CLOSE,2024-01-17,False
HDFCBANK,FY24Q4,2024-04-20,2024-03-20 18:20:13,31,2024-04-20 14:31:20,NON_TRADING_DAY,2024-04-22,False
HDFCBANK,FY25Q1,2024-07-20,2024-06-21 13:24:05,29,2024-07-20 14:15:17,NON_TRADING_DAY,2024-07-22,False
HDFCBANK,FY25Q2,2024-10-19,2024-09-16 09:51:28,33,2024-10-19 14:12:47,NON_TRADING_DAY,2024-10-21,False
HDFCBANK,FY25Q3,2025-01-22,2024-12-16 16:41:51,37,2025-01-22 14:07:25,INTRADAY,2025-01-22,False
HDFCBANK,FY25Q4,2025-04-19,2025-03-18 15:57:34,32,2025-04-19 15:02:02,NON_TRADING_DAY,2025-04-21,False
HDFCBANK,FY26Q1,2025-07-19,2025-06-23 15:43:58,26,2025-07-19 14:51:02,NON_TRADING_DAY,2025-07-21,False
HDFCBANK,FY26Q2,2025-10-18,2025-09-23 12:43:05,25,2025-10-18 14:08:44,NON_TRADING_DAY,2025-10-20,False
HDFCBANK,FY26Q3,2026-01-17,2025-12-23 20:06:12,25,2026-01-17 14:41:09,NON_TRADING_DAY,2026-01-19,False
HDFCBANK,FY26Q4,2026-04-18,2026-03-24 22:24:57,25,2026-04-18 14:45:47,NON_TRADING_DAY,2026-04-20,False
HDFCBANK,FY27Q1,2026-07-18,2026-06-23 21:20:08,25,2026-07-18 14:22:30,NON_TRADING_DAY,2026-07-20,False
HINDUNILVR,FY19Q3,2019-01-17,2019-01-07 16:03:00,10,2019-01-17 15:49:54,POST_CLOSE,2019-01-18,False
HINDUNILVR,FY19Q4,2019-05-03,2019-04-22 16:38:00,11,2019-05-03 16:16:21,POST_CLOSE,2019-05-06,False
HINDUNILVR,FY20Q1,2019-07-23,2019-07-08 11:43:00,15,2019-07-23 15:43:00,POST_CLOSE,2019-07-24,False
HINDUNILVR,FY20Q2,2019-10-14,2019-10-04 10:28:00,10,2019-10-14 16:15:46,POST_CLOSE,2019-10-15,False
HINDUNILVR,FY20Q3,2020-01-31,2020-01-13 18:08:00,18,2020-01-31 15:45:10,POST_CLOSE,2020-02-03,False
HINDUNILVR,FY20Q4,2020-04-30,2020-04-22 16:22:00,8,2020-04-30 16:41:00,POST_CLOSE,2020-05-04,False
HINDUNILVR,FY21Q1,2020-07-21,2020-07-12 15:03:00,9,2020-07-21 16:10:00,POST_CLOSE,2020-07-22,False
HINDUNILVR,FY21Q2,2020-10-20,2020-10-07 17:37:00,13,2020-10-20 14:16:36,INTRADAY,2020-10-20,False
HINDUNILVR,FY21Q3,2021-01-27,2021-01-14 11:20:00,13,2021-01-27 16:00:38,POST_CLOSE,2021-01-28,False
HINDUNILVR,FY21Q4,2021-04-29,2021-04-14 21:05:00,15,2021-04-29 13:17:19,INTRADAY,2021-04-29,False
HINDUNILVR,FY22Q1,2021-07-22,2021-07-08 16:54:00,14,2021-07-22 13:14:57,INTRADAY,2021-07-22,False
HINDUNILVR,FY22Q2,2021-10-19,2021-10-04 12:40:00,15,2021-10-19 13:46:57,INTRADAY,2021-10-19,False
HINDUNILVR,FY22Q3,2022-01-20,2022-01-04 15:13:00,16,2022-01-20 15:49:29,POST_CLOSE,2022-01-21,False
HINDUNILVR,FY22Q4,2022-04-27,2022-04-13 12:44:00,14,2022-04-27 16:07:05,POST_CLOSE,2022-04-28,False
HINDUNILVR,FY23Q1,2022-07-19,2022-07-06 16:27:00,13,2022-07-19 16:55:18,POST_CLOSE,2022-07-20,False
HINDUNILVR,FY23Q2,2022-10-21,2022-10-07 19:57:00,14,2022-10-21 17:00:09,POST_CLOSE,2022-10-24,False
HINDUNILVR,FY23Q3,2023-01-19,2023-01-09 12:27:00,10,2023-01-19 16:05:48,POST_CLOSE,2023-01-20,False
HINDUNILVR,FY23Q4,2023-04-27,2023-04-14 12:27:29,13,2023-04-27 12:09:18,INTRADAY,2023-04-27,False
HINDUNILVR,FY24Q1,2023-07-20,2023-07-07 15:06:25,13,2023-07-20 15:55:57,POST_CLOSE,2023-07-21,False
HINDUNILVR,FY24Q2,2023-10-19,2023-10-05 17:11:17,14,2023-10-19 15:35:53,POST_CLOSE,2023-10-20,False
HINDUNILVR,FY24Q3,2024-01-19,2024-01-08 17:02:08,11,2024-01-19 15:36:59,POST_CLOSE,2024-01-23,False
HINDUNILVR,FY24Q4,2024-04-24,2024-04-12 18:01:22,12,2024-04-24 16:15:34,POST_CLOSE,2024-04-25,False
HINDUNILVR,FY25Q1,2024-07-23,2024-07-11 16:22:10,12,2024-07-23 15:43:33,POST_CLOSE,2024-07-24,False
HINDUNILVR,FY25Q2,2024-10-23,2024-10-10 16:51:26,13,2024-10-23 16:44:33,POST_CLOSE,2024-10-24,False
HINDUNILVR,FY25Q3,2025-01-22,2025-01-09 15:44:09,13,2025-01-22 15:38:09,POST_CLOSE,2025-01-23,False
HINDUNILVR,FY25Q4,2025-04-24,2025-03-24 12:26:24,31,2025-04-24 10:03:54,INTRADAY,2025-04-24,False
HINDUNILVR,FY26Q1,2025-07-31,2025-07-14 15:17:13,17,2025-07-31 09:46:45,INTRADAY,2025-07-31,False
HINDUNILVR,FY26Q2,2025-10-23,2025-09-12 20:38:25,41,2025-10-23 11:01:39,INTRADAY,2025-10-23,False
HINDUNILVR,FY26Q3,2026-02-12,2026-01-20 19:04:03,23,2026-02-12 10:18:14,INTRADAY,2026-02-12,False
HINDUNILVR,FY26Q4,2026-04-30,2026-04-02 17:08:10,28,2026-04-30 10:28:34,INTRADAY,2026-04-30,False
ICICIBANK,FY19Q3,2019-01-30,2019-01-04 13:49:00,26,2019-01-30 17:32:44,POST_CLOSE,2019-01-31,False
ICICIBANK,FY19Q4,2019-05-06,2019-03-26 15:20:00,41,2019-05-06 16:10:41,POST_CLOSE,2019-05-07,False
ICICIBANK,FY20Q1,2019-07-27,2019-06-26 15:07:00,31,2019-07-27 14:58:18,NON_TRADING_DAY,2019-07-29,False
ICICIBANK,FY20Q2,2019-10-26,2019-09-25 11:04:00,31,2019-10-26 14:30:00,NON_TRADING_DAY,2019-10-29,False
ICICIBANK,FY20Q3,2020-01-25,2019-12-26 16:15:00,30,2020-01-25 14:25:36,NON_TRADING_DAY,2020-01-27,False
ICICIBANK,FY20Q4,2020-05-09,2020-05-01 15:05:00,8,2020-05-09 16:15:12,NON_TRADING_DAY,2020-05-11,False
ICICIBANK,FY21Q1,2020-07-25,2020-07-03 13:28:00,22,2020-07-25 15:30:02,NON_TRADING_DAY,2020-07-27,False
ICICIBANK,FY21Q2,2020-10-31,2020-09-25 16:27:00,36,2020-10-31 15:44:41,NON_TRADING_DAY,2020-11-02,False
ICICIBANK,FY21Q3,2021-01-30,2020-12-24 12:18:00,37,2021-01-30 15:10:29,NON_TRADING_DAY,2021-02-01,False
ICICIBANK,FY21Q4,2021-04-24,2021-03-25 12:00:00,30,2021-04-24 17:59:32,NON_TRADING_DAY,2021-04-26,False
ICICIBANK,FY22Q1,2021-07-24,2021-06-26 11:25:00,28,2021-07-24 16:23:18,NON_TRADING_DAY,2021-07-26,False
ICICIBANK,FY22Q2,2021-10-23,2021-09-24 13:44:00,29,2021-10-23 16:00:00,NON_TRADING_DAY,2021-10-25,False
ICICIBANK,FY22Q3,2022-01-22,2021-12-24 16:33:00,29,2022-01-22 16:17:15,NON_TRADING_DAY,2022-01-24,False
ICICIBANK,FY22Q4,2022-04-23,2022-03-24 17:17:00,30,2022-04-23 16:35:48,NON_TRADING_DAY,2022-04-25,False
ICICIBANK,FY23Q1,2022-07-23,2022-06-24 17:33:00,29,2022-07-23 15:05:06,NON_TRADING_DAY,2022-07-25,False
ICICIBANK,FY23Q2,2022-10-22,2022-09-22 12:22:00,30,2022-10-22 15:34:21,NON_TRADING_DAY,2022-10-24,False
ICICIBANK,FY23Q3,2023-01-21,2022-12-23 12:36:00,29,2023-01-21 15:58:57,NON_TRADING_DAY,2023-01-23,False
ICICIBANK,FY23Q4,2023-04-22,2023-03-24 15:08:00,29,2023-04-22 15:42:17,NON_TRADING_DAY,2023-04-24,False
ICICIBANK,FY24Q1,2023-07-22,2023-06-22 13:37:51,30,2023-07-22 15:21:33,NON_TRADING_DAY,2023-07-24,False
ICICIBANK,FY24Q2,2023-10-21,2023-09-25 13:04:01,26,2023-10-21 15:36:47,NON_TRADING_DAY,2023-10-23,False
ICICIBANK,FY24Q3,2024-01-20,2023-12-21 14:08:59,30,2024-01-20 15:35:19,NON_TRADING_DAY,2024-01-23,False
ICICIBANK,FY24Q4,2024-04-27,2024-03-22 16:21:29,36,2024-04-27 16:08:15,NON_TRADING_DAY,2024-04-29,False
ICICIBANK,FY25Q1,2024-07-27,2024-06-25 11:40:49,32,2024-07-27 14:46:32,NON_TRADING_DAY,2024-07-29,False
ICICIBANK,FY25Q2,2024-10-26,2024-09-24 18:18:12,32,2024-10-26 14:00:16,NON_TRADING_DAY,2024-10-28,False
ICICIBANK,FY25Q3,2025-01-25,2024-12-24 15:56:10,32,2025-01-25 14:28:15,NON_TRADING_DAY,2025-01-27,False
ICICIBANK,FY25Q4,2025-04-19,2025-03-21 18:53:15,29,2025-04-19 15:52:14,NON_TRADING_DAY,2025-04-21,False
ICICIBANK,FY26Q1,2025-07-19,2025-06-25 18:13:22,24,2025-07-19 14:56:03,NON_TRADING_DAY,2025-07-21,False
ICICIBANK,FY26Q2,2025-10-18,2025-09-20 16:00:59,28,2025-10-18 14:41:48,NON_TRADING_DAY,2025-10-20,False
ICICIBANK,FY26Q3,2026-01-17,2025-12-22 17:34:44,26,2026-01-17 15:06:50,NON_TRADING_DAY,2026-01-19,False
ICICIBANK,FY26Q4,2026-04-18,2026-03-18 16:27:19,31,2026-04-18 14:59:55,NON_TRADING_DAY,2026-04-20,False
ICICIBANK,FY27Q1,2026-07-18,2026-06-25 14:06:41,23,2026-07-18 14:23:53,NON_TRADING_DAY,2026-07-20,False
INFY,FY19Q3,2019-01-11,2018-12-14 18:34:00,28,2019-01-11 16:11:00,POST_CLOSE,2019-01-14,False
INFY,FY19Q4,2019-04-12,2019-03-21 17:53:00,22,2019-04-12 16:03:12,POST_CLOSE,2019-04-15,False
INFY,FY20Q1,2019-07-12,2019-06-14 16:21:00,28,2019-07-12 16:01:00,POST_CLOSE,2019-07-15,False
INFY,FY20Q2,2019-10-11,2019-09-13 13:09:00,28,2019-10-11 16:00:00,POST_CLOSE,2019-10-14,False
INFY,FY20Q3,2020-01-10,2019-12-30 18:27:00,11,2020-01-10 16:09:23,POST_CLOSE,2020-01-13,False
INFY,FY20Q4,2020-04-20,2020-04-13 22:50:00,7,2020-04-20 17:18:11,POST_CLOSE,2020-04-21,False
INFY,FY21Q1,2020-07-15,2020-07-07 21:00:00,8,2020-07-15 16:21:00,POST_CLOSE,2020-07-16,False
INFY,FY21Q2,2020-10-14,2020-09-15 16:10:00,29,2020-10-14 16:10:24,POST_CLOSE,2020-10-15,False
INFY,FY21Q3,2021-01-13,2020-12-15 20:36:00,29,2021-01-13 16:06:53,POST_CLOSE,2021-01-14,False
INFY,FY21Q4,2021-04-14,2021-03-15 21:21:00,30,2021-04-14 16:09:03,NON_TRADING_DAY,2021-04-15,False
INFY,FY22Q1,2021-07-14,2021-06-14 17:51:00,30,2021-07-14 16:13:35,POST_CLOSE,2021-07-15,False
INFY,FY22Q2,2021-10-13,2021-09-13 17:24:00,30,2021-10-13 16:13:22,POST_CLOSE,2021-10-14,False
INFY,FY22Q3,2022-01-12,2021-12-15 21:51:00,28,2022-01-12 16:10:13,POST_CLOSE,2022-01-13,False
INFY,FY22Q4,2022-04-13,2022-03-15 18:13:00,29,2022-04-13 16:27:56,POST_CLOSE,2022-04-18,False
INFY,FY23Q1,2022-07-24,2022-06-28 16:22:00,26,2022-07-24 17:58:48,NON_TRADING_DAY,2022-07-25,False
INFY,FY23Q2,2022-10-13,2022-09-16 10:57:00,27,2022-10-13 16:01:02,POST_CLOSE,2022-10-14,False
INFY,FY23Q3,2023-01-12,2022-12-15 18:12:00,28,2023-01-12 15:38:16,POST_CLOSE,2023-01-13,False
INFY,FY23Q4,2023-04-13,2023-03-14 09:17:00,30,2023-04-13 16:09:57,POST_CLOSE,2023-04-17,False
INFY,FY24Q1,2023-07-20,2023-06-15 16:28:12,35,2023-07-20 15:53:42,POST_CLOSE,2023-07-21,False
INFY,FY24Q2,2023-10-12,2023-09-14 16:08:44,28,2023-10-12 15:59:02,POST_CLOSE,2023-10-13,False
INFY,FY24Q3,2024-01-11,2023-12-14 16:30:11,28,2024-01-11 16:09:00,POST_CLOSE,2024-01-12,False
INFY,FY24Q4,2024-04-18,2024-03-15 20:18:13,34,,UNKNOWN,,False
INFY,FY25Q1,2024-07-18,2024-06-14 18:50:36,34,2024-07-18 15:34:43,POST_CLOSE,2024-07-19,False
INFY,FY25Q2,2024-10-17,2024-09-13 15:50:58,34,2024-10-17 15:39:01,POST_CLOSE,2024-10-18,False
INFY,FY25Q3,2025-01-16,2024-12-13 21:28:10,34,2025-01-16 15:55:31,POST_CLOSE,2025-01-17,False
INFY,FY25Q4,2025-04-17,2025-03-14 16:19:03,34,2025-04-17 16:23:14,POST_CLOSE,2025-04-21,False
INFY,FY26Q1,2025-07-23,2025-06-13 18:58:02,40,2025-07-23 15:36:52,POST_CLOSE,2025-07-24,False
INFY,FY26Q2,2025-10-16,2025-09-19 20:20:46,27,2025-10-16 16:06:54,POST_CLOSE,2025-10-17,False
INFY,FY26Q3,2026-01-14,2025-12-15 20:50:03,30,2026-01-14 16:05:05,POST_CLOSE,2026-01-16,False
INFY,FY26Q4,2026-04-23,2026-03-15 15:52:18,39,2026-04-23 17:01:01,POST_CLOSE,2026-04-24,False
ITC,FY19Q3,2019-01-23,2019-01-09 18:27:00,14,2019-01-23 14:19:18,INTRADAY,2019-01-23,False
ITC,FY19Q4,2019-05-13,2019-04-29 20:52:00,14,2019-05-13 14:45:48,INTRADAY,2019-05-13,False
ITC,FY20Q1,2019-08-02,2019-07-19 16:30:00,14,2019-08-02 18:35:42,POST_CLOSE,2019-08-05,False
ITC,FY20Q2,2019-10-24,2019-10-10 18:38:00,14,2019-10-24 17:21:15,POST_CLOSE,2019-10-25,False
ITC,FY20Q3,2020-01-31,2020-01-17 16:40:00,14,2020-01-31 19:51:47,POST_CLOSE,2020-02-03,False
ITC,FY20Q4,2020-06-26,2020-06-12 23:03:00,14,2020-06-26 18:48:03,POST_CLOSE,2020-06-29,False
ITC,FY21Q1,2020-07-24,2020-07-10 18:01:00,14,2020-07-24 19:32:54,POST_CLOSE,2020-07-27,False
ITC,FY21Q2,2020-11-06,2020-10-23 22:55:00,14,2020-11-06 20:36:02,POST_CLOSE,2020-11-09,False
ITC,FY21Q3,2021-02-11,2021-01-28 16:22:00,14,2021-02-11 20:12:26,POST_CLOSE,2021-02-12,False
ITC,FY21Q4,2021-06-01,2021-05-18 14:43:00,14,2021-06-01 18:58:48,POST_CLOSE,2021-06-02,False
ITC,FY22Q1,2021-07-24,2021-07-10 17:22:00,14,2021-07-24 19:46:37,NON_TRADING_DAY,2021-07-26,False
ITC,FY22Q2,2021-10-27,2021-10-12 16:44:00,15,2021-10-27 20:14:30,POST_CLOSE,2021-10-28,False
ITC,FY22Q3,2022-02-03,2022-01-20 18:53:00,14,2022-02-03 20:10:30,POST_CLOSE,2022-02-04,False
ITC,FY22Q4,2022-05-18,2022-05-05 15:58:00,13,2022-05-18 18:27:00,POST_CLOSE,2022-05-19,False
ITC,FY23Q1,2022-08-01,2022-07-22 18:10:00,10,2022-08-01 17:08:45,POST_CLOSE,2022-08-02,False
ITC,FY23Q2,2022-10-20,2022-10-06 17:30:00,14,2022-10-20 19:47:25,POST_CLOSE,2022-10-21,False
ITC,FY23Q3,2023-02-03,2023-01-20 19:43:00,14,2023-02-03 17:09:22,POST_CLOSE,2023-02-06,False
ITC,FY23Q4,2023-05-18,2023-05-05 18:26:07,13,2023-05-18 14:40:18,INTRADAY,2023-05-18,False
ITC,FY24Q1,2023-08-14,2023-07-31 20:37:29,14,2023-08-14 16:36:25,POST_CLOSE,2023-08-16,False
ITC,FY24Q2,2023-10-19,2023-10-05 18:13:21,14,2023-10-19 20:14:30,POST_CLOSE,2023-10-20,False
ITC,FY24Q3,2024-01-29,2024-01-15 16:59:31,14,2024-01-29 18:37:40,POST_CLOSE,2024-01-30,False
ITC,FY24Q4,2024-05-23,2024-05-09 13:15:10,14,2024-05-23 14:07:36,INTRADAY,2024-05-23,False
ITC,FY25Q1,2024-08-01,2024-07-18 18:35:47,14,2024-08-01 16:16:51,POST_CLOSE,2024-08-02,False
ITC,FY25Q2,2024-10-24,2024-10-08 18:46:26,16,2024-10-24 19:14:21,POST_CLOSE,2024-10-25,False
ITC,FY25Q3,2025-02-06,2025-01-24 19:07:58,13,2025-02-06 18:37:02,POST_CLOSE,2025-02-07,False
ITC,FY25Q4,2025-05-22,2025-05-08 15:09:40,14,2025-05-22 16:51:00,POST_CLOSE,2025-05-23,False
ITC,FY26Q1,2025-08-01,2025-07-18 19:04:07,14,2025-08-01 17:20:49,POST_CLOSE,2025-08-04,False
ITC,FY26Q2,2025-10-30,2025-10-16 16:52:12,14,2025-10-30 16:26:13,POST_CLOSE,2025-10-31,False
ITC,FY26Q3,2026-01-29,2026-01-15 18:08:20,14,2026-01-29 18:37:26,POST_CLOSE,2026-01-30,False
ITC,FY26Q4,2026-05-21,2026-05-07 14:44:58,14,2026-05-21 15:22:20,INTRADAY,2026-05-21,False
KOTAKBANK,FY19Q3,2019-01-21,2019-01-10 12:19:00,11,2019-01-21 12:43:44,INTRADAY,2019-01-21,False
KOTAKBANK,FY19Q4,2019-04-30,2019-04-11 12:08:00,19,2019-04-30 14:22:53,INTRADAY,2019-04-30,False
KOTAKBANK,FY20Q1,2019-07-22,2019-07-05 16:03:00,17,2019-07-22 16:46:49,POST_CLOSE,2019-07-23,False
KOTAKBANK,FY20Q2,2019-10-22,2019-10-12 19:08:00,10,2019-10-22 13:57:06,INTRADAY,2019-10-22,False
KOTAKBANK,FY20Q3,2020-01-20,2020-01-09 12:51:00,11,2020-01-20 13:31:28,INTRADAY,2020-01-20,False
KOTAKBANK,FY20Q4,2020-05-13,2020-05-07 20:10:00,6,2020-05-13 12:30:24,INTRADAY,2020-05-13,False
KOTAKBANK,FY21Q1,2020-07-27,2020-07-22 17:11:00,5,2020-07-27 13:55:32,INTRADAY,2020-07-27,False
KOTAKBANK,FY21Q2,2020-10-26,2020-10-17 13:53:00,9,2020-10-26 13:17:29,INTRADAY,2020-10-26,False
KOTAKBANK,FY21Q3,2021-01-25,2021-01-15 15:27:00,10,2021-01-25 13:49:02,INTRADAY,2021-01-25,False
KOTAKBANK,FY21Q4,2021-05-03,2021-04-24 16:27:00,9,2021-05-03 13:16:28,INTRADAY,2021-05-03,False
KOTAKBANK,FY22Q1,2021-07-26,2021-07-12 17:08:00,14,2021-07-26 13:40:24,INTRADAY,2021-07-26,False
KOTAKBANK,FY22Q2,2021-10-26,2021-10-16 11:39:00,10,2021-10-26 12:53:45,INTRADAY,2021-10-26,False
KOTAKBANK,FY22Q3,2022-01-28,2022-01-18 11:09:00,10,2022-01-28 12:43:31,INTRADAY,2022-01-28,False
KOTAKBANK,FY22Q4,2022-05-04,2022-04-22 20:10:00,12,2022-05-04 13:16:27,INTRADAY,2022-05-04,False
KOTAKBANK,FY23Q1,2022-07-23,2022-07-14 11:23:00,9,2022-07-23 11:51:42,NON_TRADING_DAY,2022-07-25,False
KOTAKBANK,FY23Q2,2022-10-22,2022-10-12 17:41:00,10,2022-10-22 12:31:57,NON_TRADING_DAY,2022-10-24,False
KOTAKBANK,FY23Q3,2023-01-21,2023-01-11 11:54:00,10,2023-01-21 13:08:21,NON_TRADING_DAY,2023-01-23,False
KOTAKBANK,FY23Q4,2023-04-29,2023-04-17 14:50:25,12,2023-04-29 14:25:00,NON_TRADING_DAY,2023-05-02,False
KOTAKBANK,FY24Q1,2023-07-22,2023-07-07 20:15:32,15,2023-07-22 12:40:02,NON_TRADING_DAY,2023-07-24,False
KOTAKBANK,FY24Q2,2023-10-21,2023-10-10 12:20:20,11,2023-10-21 12:08:54,NON_TRADING_DAY,2023-10-23,False
KOTAKBANK,FY24Q3,2024-01-20,2024-01-10 20:26:33,10,2024-01-20 12:28:21,NON_TRADING_DAY,2024-01-23,False
KOTAKBANK,FY24Q4,2024-05-04,2024-04-15 17:52:14,19,2024-05-04 12:27:30,NON_TRADING_DAY,2024-05-06,False
KOTAKBANK,FY25Q1,2024-07-20,2024-07-10 20:40:23,10,2024-07-20 13:27:46,NON_TRADING_DAY,2024-07-22,False
KOTAKBANK,FY25Q2,2024-10-19,2024-10-07 19:58:26,12,2024-10-19 12:13:14,NON_TRADING_DAY,2024-10-21,False
KOTAKBANK,FY25Q3,2025-01-18,2025-01-08 20:03:35,10,2025-01-18 13:02:29,NON_TRADING_DAY,2025-01-20,False
KOTAKBANK,FY25Q4,2025-05-03,2025-04-15 12:42:52,18,2025-05-03 14:04:10,NON_TRADING_DAY,2025-05-05,False
KOTAKBANK,FY26Q1,2025-07-26,2025-07-07 19:16:12,19,2025-07-26 13:13:06,NON_TRADING_DAY,2025-07-28,False
KOTAKBANK,FY26Q2,2025-10-25,2025-10-06 18:49:37,19,2025-10-25 12:19:57,NON_TRADING_DAY,2025-10-27,False
KOTAKBANK,FY26Q3,2026-01-24,2026-01-13 12:38:37,11,2026-01-24 14:18:34,NON_TRADING_DAY,2026-01-27,False
KOTAKBANK,FY26Q4,2026-05-02,2026-04-17 18:38:36,15,2026-05-02 14:56:46,NON_TRADING_DAY,2026-05-04,False
KOTAKBANK,FY27Q1,2026-07-18,2026-07-06 13:44:39,12,2026-07-18 12:37:58,NON_TRADING_DAY,2026-07-20,False
LT,FY19Q3,2019-01-25,2019-01-11 14:03:00,14,2019-01-25 16:15:55,POST_CLOSE,2019-01-28,False
LT,FY19Q4,2019-05-10,2019-04-26 14:34:00,14,2019-05-10 16:37:53,POST_CLOSE,2019-05-13,False
LT,FY20Q1,2019-07-23,2019-07-09 11:42:00,14,2019-07-23 16:18:48,POST_CLOSE,2019-07-24,False
LT,FY20Q2,2019-10-23,2019-10-09 11:12:00,14,2019-10-23 16:27:06,POST_CLOSE,2019-10-24,False
LT,FY20Q3,2020-01-22,2020-01-07 11:28:00,15,2020-01-22 17:14:16,POST_CLOSE,2020-01-23,False
LT,FY20Q4,2020-06-05,2020-05-22 14:48:00,14,2020-06-05 18:29:30,POST_CLOSE,2020-06-08,False
LT,FY21Q1,2020-07-22,2020-07-13 12:53:00,9,2020-07-22 16:58:17,POST_CLOSE,2020-07-23,False
LT,FY21Q2,2020-10-28,2020-10-14 14:13:00,14,2020-10-28 17:41:52,POST_CLOSE,2020-10-29,False
LT,FY21Q3,2021-01-25,2021-01-11 14:08:00,14,2021-01-25 17:09:04,POST_CLOSE,2021-01-27,False
LT,FY21Q4,2021-05-14,2021-05-06 13:59:00,8,2021-05-14 17:43:52,POST_CLOSE,2021-05-17,False
LT,FY22Q1,2021-07-26,2021-07-12 14:19:00,14,2021-07-26 17:28:36,POST_CLOSE,2021-07-27,False
LT,FY22Q2,2021-10-27,2021-10-13 14:32:00,14,2021-10-27 17:22:22,POST_CLOSE,2021-10-28,False
LT,FY22Q3,2022-01-28,2022-01-14 11:53:00,14,2022-01-28 16:26:37,POST_CLOSE,2022-01-31,False
LT,FY22Q4,2022-05-12,2022-04-29 11:49:00,13,2022-05-12 16:46:26,POST_CLOSE,2022-05-13,False
LT,FY23Q1,2022-07-26,2022-07-12 10:49:00,14,2022-07-26 17:23:36,POST_CLOSE,2022-07-27,False
LT,FY23Q2,2022-10-31,2022-10-17 22:18:00,14,2022-10-31 16:43:04,POST_CLOSE,2022-11-01,False
LT,FY23Q3,2023-01-30,2023-01-16 13:52:00,14,2023-01-30 16:04:34,POST_CLOSE,2023-01-31,False
LT,FY23Q4,2023-05-10,2023-04-26 18:18:49,14,2023-05-10 17:08:26,POST_CLOSE,2023-05-11,False
LT,FY24Q1,2023-07-25,2023-07-11 17:30:17,14,2023-07-25 16:44:09,POST_CLOSE,2023-07-26,False
LT,FY24Q2,2023-10-31,2023-10-17 17:24:36,14,2023-10-31 18:30:33,POST_CLOSE,2023-11-01,False
LT,FY24Q3,2024-01-30,2024-01-16 13:03:15,14,2024-01-30 17:59:55,POST_CLOSE,2024-01-31,False
LT,FY24Q4,2024-05-08,2024-04-24 16:25:42,14,2024-05-08 17:11:39,POST_CLOSE,2024-05-09,False
LT,FY25Q1,2024-07-24,2024-07-10 16:54:54,14,2024-07-24 17:10:01,POST_CLOSE,2024-07-25,False
LT,FY25Q2,2024-10-30,2024-10-16 14:57:36,14,2024-10-30 17:44:38,POST_CLOSE,2024-10-31,False
LT,FY25Q3,2025-01-30,2025-01-16 11:50:21,14,2025-01-30 16:27:35,POST_CLOSE,2025-01-31,False
LT,FY25Q4,2025-05-08,2025-04-24 12:52:49,14,2025-05-08 17:16:51,POST_CLOSE,2025-05-09,False
LT,FY26Q1,2025-07-29,2025-07-15 15:10:07,14,2025-07-29 17:15:41,POST_CLOSE,2025-07-30,False
LT,FY26Q2,2025-10-29,2025-10-15 17:39:11,14,2025-10-29 17:12:35,POST_CLOSE,2025-10-30,False
LT,FY26Q3,2026-01-28,2026-01-15 11:13:15,13,2026-01-28 17:35:10,POST_CLOSE,2026-01-29,False
LT,FY26Q4,2026-05-05,2026-04-21 18:04:39,14,2026-05-05 17:09:21,POST_CLOSE,2026-05-06,False
RELIANCE,FY19Q3,2019-01-17,2019-01-10 17:18:00,7,2019-01-17 18:16:26,POST_CLOSE,2019-01-18,False
RELIANCE,FY19Q4,2019-04-18,2019-04-11 19:20:00,7,2019-04-18 18:15:31,POST_CLOSE,2019-04-22,False
RELIANCE,FY20Q1,2019-07-19,2019-07-10 17:54:00,9,2019-07-19 18:23:55,POST_CLOSE,2019-07-22,False
RELIANCE,FY20Q2,2019-10-18,2019-10-10 19:14:00,8,2019-10-18 18:35:40,POST_CLOSE,2019-10-22,False
RELIANCE,FY20Q3,2020-01-17,2020-01-09 18:34:00,8,2020-01-17 18:46:47,POST_CLOSE,2020-01-20,False
RELIANCE,FY20Q4,2020-04-30,2020-04-27 20:46:00,3,2020-04-30 18:32:41,POST_CLOSE,2020-05-04,False
RELIANCE,FY21Q1,2020-07-24,2020-07-18 19:15:00,6,,UNKNOWN,,False
RELIANCE,FY21Q2,2020-10-30,2020-10-22 23:35:00,8,2020-10-30 20:02:38,POST_CLOSE,2020-11-02,False
RELIANCE,FY21Q3,2021-01-22,2021-01-15 17:29:00,7,2021-01-22 19:50:19,POST_CLOSE,2021-01-25,False
RELIANCE,FY21Q4,2021-04-30,2021-04-23 19:39:00,7,2021-04-30 19:34:56,POST_CLOSE,2021-05-03,False
RELIANCE,FY22Q1,2021-07-23,2021-07-15 21:06:00,8,2021-07-23 19:37:56,POST_CLOSE,2021-07-26,False
RELIANCE,FY22Q2,2021-10-22,2021-10-13 18:46:00,9,2021-10-22 20:17:39,POST_CLOSE,2021-10-25,False
RELIANCE,FY22Q3,2022-01-21,2022-01-13 18:13:00,8,2022-01-21 19:48:07,POST_CLOSE,2022-01-24,False
RELIANCE,FY22Q4,2022-05-06,2022-04-29 20:05:00,7,2022-05-06 19:39:15,POST_CLOSE,2022-05-09,False
RELIANCE,FY23Q1,2022-07-22,2022-07-15 18:15:00,7,2022-07-22 19:35:39,POST_CLOSE,2022-07-25,False
RELIANCE,FY23Q2,2022-10-21,2022-10-14 18:02:00,7,2022-10-21 19:38:09,POST_CLOSE,2022-10-24,False
RELIANCE,FY23Q3,2023-01-20,2023-01-13 18:16:00,7,2023-01-20 19:07:53,POST_CLOSE,2023-01-23,False
RELIANCE,FY23Q4,2023-04-21,2023-04-14 18:19:53,7,2023-04-21 19:24:25,POST_CLOSE,2023-04-24,False
RELIANCE,FY24Q1,2023-07-21,2023-07-14 20:57:23,7,2023-07-21 19:39:21,POST_CLOSE,2023-07-24,False
RELIANCE,FY24Q2,2023-10-27,2023-10-20 18:16:43,7,2023-10-27 19:25:53,POST_CLOSE,2023-10-30,False
RELIANCE,FY24Q3,2024-01-19,2024-01-12 17:19:57,7,2024-01-19 18:13:53,POST_CLOSE,2024-01-23,False
RELIANCE,FY24Q4,2024-04-22,2024-04-15 20:22:47,7,2024-04-22 19:01:25,POST_CLOSE,2024-04-23,False
RELIANCE,FY25Q1,2024-07-19,2024-07-11 23:00:29,8,2024-07-19 19:16:04,POST_CLOSE,2024-07-22,False
RELIANCE,FY25Q2,2024-10-14,2024-10-07 22:01:31,7,2024-10-14 19:02:31,POST_CLOSE,2024-10-15,False
RELIANCE,FY25Q3,2025-01-16,2025-01-09 17:40:46,7,2025-01-16 19:25:42,POST_CLOSE,2025-01-17,False
RELIANCE,FY25Q4,2025-04-25,2025-04-18 17:25:00,7,2025-04-25 20:05:15,POST_CLOSE,2025-04-28,False
RELIANCE,FY26Q1,2025-07-18,2025-07-11 17:29:06,7,2025-07-18 19:31:34,POST_CLOSE,2025-07-21,False
RELIANCE,FY26Q2,2025-10-17,2025-10-09 19:08:49,8,2025-10-17 19:01:21,POST_CLOSE,2025-10-20,False
RELIANCE,FY26Q3,2026-01-16,2026-01-08 20:08:33,8,2026-01-16 19:09:20,POST_CLOSE,2026-01-19,False
RELIANCE,FY26Q4,2026-04-24,2026-04-17 18:07:35,7,2026-04-24 19:26:28,POST_CLOSE,2026-04-27,False
RELIANCE,FY27Q1,2026-07-17,2026-07-10 17:41:40,7,2026-07-17 19:07:44,POST_CLOSE,2026-07-20,False
SBIN,FY19Q3,2019-02-01,2019-01-21 11:23:00,11,2019-02-01 13:40:49,INTRADAY,2019-02-01,False
SBIN,FY19Q4,2019-05-10,2019-04-25 15:10:00,15,2019-05-10 13:46:54,INTRADAY,2019-05-10,False
SBIN,FY20Q1,2019-08-02,2019-07-18 16:41:00,15,2019-08-02 13:48:28,INTRADAY,2019-08-02,False
SBIN,FY20Q2,2019-10-25,2019-10-07 15:31:00,18,2019-10-25 13:52:07,INTRADAY,2019-10-25,False
SBIN,FY20Q3,2020-01-31,2020-01-13 17:49:00,18,2020-01-31 13:41:29,INTRADAY,2020-01-31,False
SBIN,FY20Q4,2020-06-05,2020-05-29 14:51:00,7,2020-06-05 14:09:12,INTRADAY,2020-06-05,False
SBIN,FY21Q1,2020-07-31,2020-07-22 19:03:00,9,2020-07-31 13:38:51,INTRADAY,2020-07-31,False
SBIN,FY21Q2,2020-11-04,2020-10-16 13:59:00,19,2020-11-04 13:39:24,INTRADAY,2020-11-04,False
SBIN,FY21Q3,2021-02-04,2021-01-20 19:33:00,15,2021-02-04 13:34:46,INTRADAY,2021-02-04,False
SBIN,FY21Q4,2021-05-21,2021-05-14 20:14:00,7,2021-05-21 13:53:23,INTRADAY,2021-05-21,False
SBIN,FY22Q1,2021-08-04,2021-07-27 18:01:00,8,2021-08-04 13:33:13,INTRADAY,2021-08-04,False
SBIN,FY22Q2,2021-11-03,2021-10-25 13:33:00,9,2021-11-03 13:42:53,INTRADAY,2021-11-03,False
SBIN,FY22Q3,2022-02-05,2022-01-25 20:22:00,11,2022-02-05 13:32:40,NON_TRADING_DAY,2022-02-07,False
SBIN,FY22Q4,2022-05-13,2022-05-06 13:31:00,7,2022-05-13 13:20:15,INTRADAY,2022-05-13,False
SBIN,FY23Q1,2022-08-06,2022-07-27 18:01:00,10,2022-08-06 13:18:21,NON_TRADING_DAY,2022-08-08,False
SBIN,FY23Q2,2022-11-05,2022-10-21 19:40:00,15,2022-11-05 13:36:39,NON_TRADING_DAY,2022-11-07,False
SBIN,FY23Q3,2023-02-03,2023-01-25 17:47:00,9,2023-02-03 15:42:43,POST_CLOSE,2023-02-06,False
SBIN,FY23Q4,2023-05-18,2023-05-02 11:45:08,16,2023-05-18 13:42:34,INTRADAY,2023-05-18,False
SBIN,FY24Q1,2023-08-04,2023-07-25 18:16:07,10,2023-08-04 13:24:00,INTRADAY,2023-08-04,False
SBIN,FY24Q2,2023-11-04,2023-10-23 16:37:17,12,2023-11-04 13:55:48,NON_TRADING_DAY,2023-11-06,False
SBIN,FY24Q3,2024-02-03,2024-01-17 12:15:45,17,2024-02-03 13:35:05,NON_TRADING_DAY,2024-02-05,False
SBIN,FY24Q4,2024-05-09,2024-05-01 21:44:40,8,2024-05-09 13:46:08,INTRADAY,2024-05-09,False
SBIN,FY25Q1,2024-08-03,2024-07-22 16:34:52,12,2024-08-03 13:33:29,NON_TRADING_DAY,2024-08-05,False
SBIN,FY25Q2,2024-11-08,2024-10-18 17:55:15,21,2024-11-08 13:41:03,INTRADAY,2024-11-08,False
SBIN,FY25Q3,2025-02-06,2025-01-16 12:13:18,21,2025-02-06 14:23:58,INTRADAY,2025-02-06,False
SBIN,FY25Q4,2025-05-03,2025-04-24 10:51:17,9,2025-05-03 14:24:24,NON_TRADING_DAY,2025-05-05,False
SBIN,FY26Q1,2025-08-08,2025-07-24 18:09:44,15,2025-08-08 13:16:25,INTRADAY,2025-08-08,False
SBIN,FY26Q2,2025-11-04,2025-10-18 11:42:50,17,2025-11-04 13:26:22,INTRADAY,2025-11-04,False
SBIN,FY26Q3,2026-02-07,2026-01-21 18:26:05,17,2026-02-07 13:30:39,NON_TRADING_DAY,2026-02-09,False
SBIN,FY26Q4,2026-05-08,2026-05-02 13:06:42,6,2026-05-08 14:01:38,INTRADAY,2026-05-08,False
TCS,FY19Q3,2019-01-10,2018-12-31 19:04:00,10,2019-01-10 16:58:27,POST_CLOSE,2019-01-11,False
TCS,FY19Q4,2019-04-12,2019-03-29 17:51:00,14,2019-04-12 16:40:41,POST_CLOSE,2019-04-15,False
TCS,FY20Q1,2019-07-09,2019-06-28 18:05:00,11,2019-07-09 17:17:29,POST_CLOSE,2019-07-10,False
TCS,FY20Q2,2019-10-10,2019-09-30 18:28:00,10,2019-10-10 16:41:34,POST_CLOSE,2019-10-11,False
TCS,FY20Q3,2020-01-17,2020-01-10 18:15:00,7,2020-01-17 16:01:52,POST_CLOSE,2020-01-20,False
TCS,FY20Q4,2020-04-16,2020-04-10 17:23:00,6,2020-04-16 19:13:13,POST_CLOSE,2020-04-17,False
TCS,FY21Q1,2020-07-09,2020-06-30 19:47:00,9,2020-07-09 17:49:41,POST_CLOSE,2020-07-10,False
TCS,FY21Q2,2020-10-07,2020-09-30 19:28:00,7,2020-10-07 18:32:18,POST_CLOSE,2020-10-08,False
TCS,FY21Q3,2021-01-08,2020-12-31 19:10:00,8,2021-01-08 18:07:47,POST_CLOSE,2021-01-11,False
TCS,FY21Q4,2021-04-12,2021-03-31 17:36:00,12,2021-04-12 18:43:59,POST_CLOSE,2021-04-13,False
TCS,FY22Q1,2021-07-08,2021-06-30 17:18:00,8,2021-07-08 18:41:57,POST_CLOSE,2021-07-09,False
TCS,FY22Q2,2021-10-08,2021-09-30 19:08:00,8,2021-10-08 18:23:49,POST_CLOSE,2021-10-11,False
TCS,FY22Q3,2022-01-12,2021-12-31 16:28:00,12,2022-01-12 18:29:58,POST_CLOSE,2022-01-13,False
TCS,FY22Q4,2022-04-11,2022-03-31 20:22:00,11,2022-04-11 17:38:57,POST_CLOSE,2022-04-12,False
TCS,FY23Q1,2022-07-08,2022-06-30 17:03:00,8,2022-07-08 16:36:53,POST_CLOSE,2022-07-11,False
TCS,FY23Q2,2022-10-10,2022-09-30 16:59:00,10,2022-10-10 16:47:40,POST_CLOSE,2022-10-11,False
TCS,FY23Q3,2023-01-09,2022-12-30 17:17:00,10,2023-01-09 17:14:35,POST_CLOSE,2023-01-10,False
TCS,FY23Q4,2023-04-12,2023-03-31 17:27:00,12,2023-04-12 17:17:07,POST_CLOSE,2023-04-13,False
TCS,FY24Q1,2023-07-12,2023-06-30 17:19:43,12,2023-07-12 15:54:53,POST_CLOSE,2023-07-13,False
TCS,FY24Q2,2023-10-11,2023-09-29 16:29:46,12,2023-10-11 17:03:52,POST_CLOSE,2023-10-12,False
TCS,FY24Q3,2024-01-11,2023-12-29 16:21:20,13,2024-01-11 15:53:19,POST_CLOSE,2024-01-12,False
TCS,FY24Q4,2024-04-12,2024-03-29 18:28:31,14,2024-04-12 15:36:45,POST_CLOSE,2024-04-15,False
TCS,FY25Q1,2024-07-11,2024-06-28 16:47:31,13,2024-07-11 15:38:49,POST_CLOSE,2024-07-12,False
TCS,FY25Q2,2024-10-10,2024-09-30 17:56:22,10,2024-10-10 16:06:39,POST_CLOSE,2024-10-11,False
TCS,FY25Q3,2025-01-09,2024-12-31 16:15:52,9,2025-01-09 16:10:53,POST_CLOSE,2025-01-10,False
TCS,FY25Q4,2025-04-10,2025-03-28 18:06:40,13,2025-04-10 16:05:24,NON_TRADING_DAY,2025-04-11,False
TCS,FY26Q1,2025-07-10,2025-06-27 18:47:12,13,2025-07-10 15:57:29,POST_CLOSE,2025-07-11,False
TCS,FY26Q2,2025-10-09,2025-09-22 16:48:37,17,2025-10-09 15:52:18,POST_CLOSE,2025-10-10,False
TCS,FY26Q3,2026-01-12,2025-12-23 19:14:39,20,2026-01-12 15:50:27,POST_CLOSE,2026-01-13,False
TCS,FY26Q4,2026-04-09,2026-03-23 18:21:06,17,2026-04-09 15:55:34,POST_CLOSE,2026-04-10,False
TCS,FY27Q1,2026-07-09,2026-06-22 17:25:13,17,2026-07-09 15:52:21,POST_CLOSE,2026-07-10,False
