# snapshot of SPY daily bars taken on 2026-09-20 from Yahoo Finance, split and dividend adjusted. The file starts on 2024-06-03 so the 20-day lookback is warm before the test window opens on 2024-09-03.
Date,Open,High,Low,Close
2024-06-03,513.848067,514.129729,507.612146,512.663025
2024-06-04,511.361503,513.974358,509.904522,513.236145
2024-06-05,515.547884,519.355444,513.566351,519.335999
2024-06-06,519.637185,520.064568,517.403159,519.326355
2024-06-07,518.354948,521.492354,517.267074,518.694946
2024-06-10,517.88869,520.618099,517.296199,520.297546
2024-06-11,518.753251,521.608936,516.791164,521.550659
2024-06-12,526.096382,528.514961,524.804509,525.834106
2024-06-13,527.572881,527.747711,524.114981,526.892944
2024-06-14,525.367907,527.242549,524.367418,527.21344
2024-06-17,526.533496,532.798526,526.076944,531.409485
2024-06-18,531.467771,532.88592,531.05011,532.759644
2024-06-20,533.682403,534.342894,529.544567,531.312378
2024-06-21,530.492861,531.710929,529.148109,530.600037
2024-06-24,530.424775,532.977841,528.758436,528.875366
2024-06-25,530.093419,531.272531,528.583027,530.911987
2024-06-26,529.801071,532.285918,529.157957,531.574585
2024-06-27,531.438021,532.98743,530.697427,532.412476
2024-06-28,533.182403,536.222755,529.079988,530.317505
2024-07-01,531.691445,531.935058,528.660907,531.408875
2024-07-02,529.810879,534.985229,529.762168,534.985229
2024-07-03,534.673301,537.733102,534.634345,537.372559
2024-07-05,537.674635,540.870814,537.041216,540.471313
2024-07-08,541.250857,542.040163,540.032789,541.094971
2024-07-09,542.049978,542.946459,541.328891,541.621216
2024-07-10,542.839282,547.321748,542.546958,546.980713
2024-07-11,547.097535,547.964814,541.630862,542.264221
2024-07-12,543.384934,549.270616,542.917215,545.684631
2024-07-15,547.672591,550.410805,545.333877,547.185364
2024-07-16,548.491082,550.722561,547.740733,550.430237
2024-07-17,544.524934,546.191272,542.390877,542.712463
2024-07-18,544.242463,545.226672,536.368856,538.54187
2024-07-19,538.308008,539.925636,533.91321,534.965637
2024-07-22,538.873327,541.085358,536.943927,540.481201
2024-07-23,540.373775,542.517586,539.146013,539.63324
2024-07-24,534.839084,535.141163,526.488002,527.403992
2024-07-25,527.520843,533.474804,523.720507,524.655945
2024-07-26,528.427126,533.211671,527.657269,530.531921
2024-07-29,532.071572,533.075229,528.855825,530.84375
2024-07-30,532.305421,533.357848,524.763154,528.154236
2024-07-31,534.955929,539.360481,533.591728,536.739197
2024-08-01,538.45427,540.695504,525.649925,529.138489
2024-08-02,522.063853,523.272167,515.096481,519.286682
2024-08-05,498.56988,510.204868,497.234852,504.163239
2024-08-06,505.956137,516.217169,504.640647,508.81134
2024-08-07,514.969825,518.010177,504.816028,505.410431
2024-08-08,510.526245,517.717722,508.509178,517.094116
2024-08-09,516.275632,520.855579,515.057564,519.37439
2024-08-12,520.563267,522.044397,517.386537,519.647278
2024-08-13,522.823983,528.427095,522.58037,528.193176
2024-08-14,528.982525,531.038669,526.322284,529.859558
2024-08-15,535.462658,539.224038,534.858501,538.941467
2024-08-16,537.333532,540.841603,537.177646,540.149719
2024-08-19,540.55905,545.314392,539.711279,545.314392
2024-08-20,544.866068,546.512897,543.092554,544.427551
2024-08-21,545.470383,547.750573,540.559094,546.298645
2024-08-22,548.189053,548.79321,540.802672,542.010986
2024-08-23,545.236401,548.705456,543.053574,547.769958
2024-08-26,548.793132,549.504465,544.768632,546.464172
2024-08-27,545.197411,547.701766,544.057316,547.214539
2024-08-28,546.873537,547.302299,540.861111,544.037842
2024-08-29,545.996377,549.280283,542.946331,544.086426
2024-08-30,546.44476,549.787131,542.907486,549.280396
2024-09-03,546.152372,546.483713,535.472391,537.976746
2024-09-04,536.144709,540.266631,535.423622,536.875549
2024-09-05,536.817093,539.652729,533.123874,535.569763
2024-09-06,535.891318,537.508885,525.659549,526.55603
2024-09-09,530.736609,533.718437,528.816903,532.451599
2024-09-10,534.351805,535.121662,529.499041,534.770813
2024-09-11,534.683047,541.172886,526.166327,540.256897
2024-09-12,540.831888,545.109757,538.619858,544.807678
2024-09-13,545.411782,548.646977,545.158415,547.653015
2024-09-16,547.389857,548.724854,545.596894,548.461792
2024-09-17,550.664024,552.106257,546.464129,548.685913
2024-09-18,549.338783,554.162343,546.503148,547.058594
2024-09-19,556.423122,558.245347,553.567978,556.39386
2024-09-20,555.031281,556.468094,552.421466,555.432007
2024-09-23,556.497555,557.465214,555.285475,556.820068
2024-09-24,557.611819,558.471974,554.796778,558.41333
2024-09-25,558.257047,558.99013,556.077308,557.181824
2024-09-26,561.423846,561.746419,557.044919,559.390747
2024-09-27,560.456202,561.267437,557.553164,558.579468
2024-09-30,557.553063,561.423759,555.26588,560.817749
2024-10-01,560.465908,561.110994,553.232805,555.793701
2024-10-02,554.904296,557.044899,552.519333,556.02832
2024-10-03,554.562134,556.947098,552.734321,555.01178
2024-10-04,559.439565,560.426792,555.285432,560.055359
2024-10-07,558.413238,559.058384,553.848596,554.992188
2024-10-08,557.55312,560.837375,556.683241,560.241089
2024-10-09,560.231378,564.678793,559.635152,564.121643
2024-10-10,562.782534,564.551704,561.531378,563.134399
2024-10-11,563.056128,567.239613,562.919271,566.506531
2024-10-14,568.109599,572.068293,567.630662,571.139709
2024-10-15,571.403526,571.706531,565.489947,566.702026
2024-10-16,566.702045,569.683235,565.900534,569.165161
2024-10-17,572.693746,572.89903,569.028334,569.21405
2024-10-18,570.895336,572.185568,569.438955,571.403625
2024-10-21,570.680219,571.657662,567.503528,570.46521
2024-10-22,567.943416,571.315607,567.288546,570.162231
2024-10-23,568.148651,568.588512,561.462913,564.952393
2024-10-24,566.897493,566.975705,563.564438,566.174194
2024-10-25,568.393014,571.276484,565.040391,565.978699
2024-10-28,569.438919,569.565992,567.425389,567.728394
2024-10-29,566.770483,569.761457,565.38253,568.647217
2024-10-30,568.177976,570.162215,566.22309,566.92688
2024-10-31,562.577245,562.645673,555.617854,555.813354
2024-11-01,558.432831,562.567397,557.748609,558.159119
2024-11-04,558.296063,559.586295,555.080296,556.95697
2024-11-05,557.865945,563.730605,557.650936,563.691528
2024-11-06,575.909546,578.577947,572.18549,577.708008
2024-11-07,579.702026,583.191506,579.623814,582.174927
2024-11-08,582.722323,586.114082,582.722323,584.696777
2024-11-11,586.28021,586.632075,583.533597,585.253906
2024-11-12,585.17567,585.771896,580.962892,583.435852
2024-11-13,583.895232,585.713262,581.53962,583.719299
2024-11-14,583.8463,584.325238,579.281658,579.96582
2024-11-15,576.417836,576.887049,570.690032,572.537415
2024-11-18,572.996783,576.193041,572.136687,574.883301
2024-11-19,571.520867,577.70804,570.856213,576.984741
2024-11-20,577.062887,577.463613,571.442589,577.180176
2024-11-21,580.014756,581.69593,574.198958,580.278625
2024-11-22,580.268904,582.702787,579.770458,582.077209
2024-11-25,585.996799,587.30654,581.774237,584.051697
2024-11-26,585.292952,587.765912,584.579437,587.101257
2024-11-27,586.915503,587.29666,583.807241,585.322266
2024-11-29,586.13367,589.740439,585.860017,588.958496
2024-12-02,589.368831,590.688415,588.88011,590.013977
2024-12-03,589.779551,590.532142,588.753247,590.287781
2024-12-04,591.968885,594.197425,591.304231,593.953064
2024-12-05,593.95309,594.754601,592.623782,592.975647
2024-12-06,593.738082,595.331319,593.327573,594.099731
2024-12-09,593.982519,594.148668,590.453963,591.040405
2024-12-10,591.714734,592.135027,588.547828,589.202698
2024-12-11,592.115532,594.705721,591.841819,593.757629
2024-12-12,592.897551,593.464425,590.698303,590.698303
2024-12-13,592.721535,593.43505,589.212488,590.580933
2024-12-16,592.330624,594.070502,591.558466,593.102783
2024-12-17,590.561337,591.519212,589.290673,590.659058
2024-12-18,590.356117,592.731296,572.674203,573.05542
2024-12-19,578.020878,579.623899,572.635156,572.879517
2024-12-20,570.560975,584.271601,569.717499,579.760254
2024-12-23,579.505283,583.830288,576.337475,583.232056
2024-12-24,584.575691,589.753989,583.997032,589.714722
2024-12-26,587.949392,590.871957,586.556768,589.753967
2024-12-27,586.027122,586.262548,579.377784,583.545898
2024-12-30,576.563059,580.338857,573.150068,576.886658
2024-12-31,578.544128,579.260104,573.159914,574.787964
2025-01-02,578.034152,579.740618,569.315423,573.375671
2025-01-03,576.210038,581.182301,575.131196,580.544861
2025-01-06,584.781661,588.145568,582.163061,583.88916
2025-01-07,585.909501,586.23316,575.474547,577.288879
2025-01-08,577.357567,579.20135,573.925001,578.132324
2025-01-10,574.591829,574.660488,567.40304,569.305664
2025-01-13,564.67658,570.541343,564.264629,570.188293
2025-01-14,573.101074,573.728757,567.20686,570.9729
2025-01-15,578.956079,582.496511,577.847846,581.358887
2025-01-16,582.722129,582.898654,579.544564,580.240906
2025-01-17,585.458357,587.81208,584.134331,586.066406
2025-01-21,589.09682,591.440786,587.135354,591.430969
2025-01-22,594.245676,596.109092,593.696468,594.755676
2025-01-23,594.127985,598.001892,593.853411,598.001892
2025-01-24,598.060801,599.012143,595.108785,596.256226
2025-01-27,583.34976,588.135741,583.183052,587.821899
2025-01-28,589.047798,593.70628,585.742733,592.872681
2025-01-29,592.088017,592.490151,587.674719,590.214844
2025-01-30,592.323481,594.91257,589.145856,593.382629
2025-01-31,595.795226,598.20785,589.469487,590.22467
2025-02-03,581.250973,588.724153,579.112982,586.252747
2025-02-04,586.311639,590.695487,585.772248,590.185547
2025-02-05,589.06751,592.725625,587.047202,592.578491
2025-02-06,594.314342,594.765501,591.019094,594.638
2025-02-07,595.197089,596.413188,588.488848,589.195007
2025-02-10,592.392141,593.833789,591.126957,593.196289
2025-02-11,590.940628,594.186852,590.822945,593.647461
2025-02-12,587.655163,592.90206,586.978455,591.734985
2025-02-13,592.833452,598.188275,591.578145,597.9823
2025-02-14,598.188186,599.217944,597.334953,597.95282
2025-02-18,599.110141,599.708374,596.658309,599.708374
2025-02-19,598.325601,601.414874,597.815601,601.120667
2025-02-20,599.757436,599.894753,595.324564,598.619812
2025-02-21,598.404044,598.541361,587.920006,588.380981
2025-02-24,590.420814,591.411364,584.997332,585.703491
2025-02-25,585.644677,586.370409,578.200888,582.79071
2025-02-26,584.448133,588.027832,580.456543,583.0849
2025-02-27,585.350407,586.497908,573.385514,573.777771
2025-02-28,574.27802,583.261508,571.218138,582.731934
2025-03-03,584.693267,585.830951,568.726969,572.5224
2025-03-04,568.540669,574.111224,561.22438,565.745544
2025-03-05,565.578908,573.611113,562.038476,571.826172
2025-03-06,564.392126,568.991766,559.135413,561.675537
2025-03-07,559.900431,566.265378,554.73195,564.823669
2025-03-10,556.654244,558.566626,544.885449,549.779297
2025-03-11,548.621975,553.152956,541.384162,545.208984
2025-03-12,551.338641,552.260532,543.022044,548.102234
2025-03-13,547.729628,548.337677,539.089371,540.795837
2025-03-14,545.395386,552.966675,540.864404,551.966309
2025-03-17,551.946616,558.73333,551.515091,556.222656
2025-03-18,553.917893,554.133686,548.288496,550.210754
2025-03-19,551.985864,559.949409,550.808972,556.203003
2025-03-20,552.476369,559.576867,551.760394,554.594727
2025-03-21,550.154325,555.672773,548.924721,554.777588
2025-03-24,561.486441,565.7655,560.896255,564.712952
2025-03-25,565.912951,567.004825,564.329235,566.070374
2025-03-26,565.804786,566.926199,557.935319,559.3125
2025-03-27,557.925432,561.584764,555.721991,557.827087
2025-03-28,556.302454,557.03037,546.013105,546.593445
2025-03-31,540.858564,551.561042,537.94684,550.262573
2025-04-01,548.354248,553.75466,544.645743,551.816772
2025-04-02,545.993327,558.161483,545.757253,555.308838
2025-04-03,536.21556,539.028879,527.94281,527.94281
2025-04-04,515.12538,517.289496,496.81905,497.035461
2025-04-07,481.207996,514.633533,473.938563,496.150146
2025-04-08,513.344882,516.413968,481.17846,488.379028
2025-04-09,485.388642,539.668274,485.004991,539.668274
2025-04-10,523.486629,524.794944,501.009494,516.020508
2025-04-11,514.476134,527.677145,511.584103,525.227783
2025-04-14,535.172854,535.399142,525.14912,530.323303
2025-04-15,530.864214,534.366124,528.050895,528.83783
2025-04-16,523.004616,529.11331,511.800451,517.082825
2025-04-17,519.030589,522.502959,515.36141,517.820618
2025-04-21,512.65633,513.187558,500.163571,505.495148
2025-04-22,511.652999,520.663511,510.718488,518.646973
2025-04-23,531.611856,536.530271,525.168743,526.683594
2025-04-24,527.962483,538.497752,526.713246,537.769836
2025-04-25,537.730387,542.058557,534.818664,541.655273
2025-04-28,542.393105,544.517834,536.127048,541.861877
2025-04-29,539.953509,546.386835,539.599397,545.275269
2025-04-30,538.635395,547.439372,532.684124,545.491638
2025-05-01,551.226444,554.866083,548.75739,549.357422
2025-05-02,555.515423,559.105891,553.203792,557.512329
2025-05-05,553.390643,557.404087,552.534843,554.315308
2025-05-06,548.826268,554.157814,547.872125,549.682068
2025-05-07,551.010152,554.620253,546.967169,551.993835
2025-05-08,556.017144,561.004425,552.534926,555.840088
2025-05-09,557.236872,558.240249,553.5776,555.131836
2025-05-12,571.98226,573.487324,567.624551,573.477478
2025-05-13,573.890562,579.468089,573.329916,577.264648
2025-05-14,578.218884,579.369777,575.985904,578.002502
2025-05-15,576.005551,581.327251,575.553035,580.825623
2025-05-16,581.6027,584.799671,579.664873,584.504578
2025-05-19,578.50412,585.822726,578.50412,585.143982
2025-05-20,583.412709,584.357007,579.979604,583.176575
2025-05-21,578.838456,582.910918,572.326479,573.349487
2025-05-22,573.15283,577.048237,571.923226,573.575867
2025-05-23,566.581773,572.316662,566.207968,569.660706
2025-05-27,576.507206,581.661696,568.991852,581.504333
2025-05-28,581.907599,583.097877,577.41216,578.140076
2025-05-29,583.383137,583.520867,576.507201,580.422241
2025-05-30,579.320494,581.484609,573.723335,579.77301
2025-06-02,578.169636,583.117531,575.513679,583.038879
2025-06-03,582.674957,587.337606,582.192902,586.36377
2025-06-04,587.219582,588.193419,585.773537,586.20636
2025-06-05,587.878515,589.226156,581.405864,583.37323
2025-06-06,588.891805,591.026441,587.121187,589.364014
2025-06-09,589.934467,591.439531,588.724556,589.895142
2025-06-10,590.426305,593.623276,589.314799,593.239685
2025-06-11,594.331509,595.187308,589.491804,591.547668
2025-06-12,590.219838,593.898804,589.737842,593.898804
2025-06-13,588.734375,592.029689,585.763632,587.25885
2025-06-16,590.603486,594.587391,590.42637,592.846252
2025-06-17,590.416537,591.931388,587.022818,587.780273
2025-06-18,588.675334,591.409941,586.737447,587.69165
2025-06-20,590.356462,591.421998,584.91046,586.311462
2025-06-23,587.061195,592.487447,583.953469,592.102722
2025-06-24,596.226638,599.699398,595.318931,598.643799
2025-06-25,599.758633,600.449259,597.420417,598.979248
2025-06-26,600.824201,604.099691,600.212519,603.665588
2025-06-27,604.661985,608.12493,602.639485,606.664734
2025-06-30,609.1017,610.916994,606.79305,609.565369
2025-07-01,608.095362,610.532273,607.266659,609.368103
2025-07-02,608.963635,612.170057,608.342078,612.130615
2025-07-03,614.103815,617.882476,614.084063,616.955078
2025-07-07,615.001479,615.662539,609.585103,612.357422
2025-07-08,613.018379,613.768198,611.212961,612.021973
2025-07-09,614.419397,616.343201,612.584291,615.692078
2025-07-10,615.830255,618.464437,614.656209,617.428528
2025-07-11,614.389912,616.481481,613.196175,615.258118
2025-07-14,614.804107,616.77729,613.462358,616.432007
2025-07-15,619.105717,619.441124,613.718907,613.797852
2025-07-16,615.376431,616.353147,609.762724,615.849976
2025-07-17,616.027567,619.973932,615.810486,619.618713
2025-07-18,620.861825,621.029529,618.05994,619.164917
2025-07-21,620.338928,623.071745,619.914701,620.338928
2025-07-22,620.664507,621.286064,617.793553,620.427734
2025-07-23,623.081688,625.706055,621.286085,625.706055
2025-07-24,626.090848,627.620113,625.489042,625.913269
2025-07-25,626.574253,629.030856,626.327605,628.557251
2025-07-28,628.932213,629.484701,627.018223,628.399475
2025-07-29,629.790538,630.106254,625.834357,626.742004
2025-07-30,627.393082,629.129493,623.071808,625.952698
2025-07-31,630.885601,631.270326,622.312121,623.604553
2025-08-01,617.902027,617.941529,610.986014,613.383423
2025-08-04,617.280535,622.756105,617.191776,622.706787
2025-08-05,623.318468,624.127481,618.63216,619.549683
2025-08-06,620.61514,624.94629,619.707493,624.295166
2025-08-07,627.708767,628.438835,620.674367,623.772278
2025-08-08,625.55807,629.09996,625.242354,628.63623
2025-08-11,628.912455,630.382467,626.149952,627.393066
2025-08-12,629.731301,634.230155,628.251414,634.072327
2025-08-13,636.26255,637.525415,634.062471,636.242859
2025-08-14,634.170931,636.963001,633.727013,636.302002
2025-08-15,637.328051,637.426747,633.904609,634.812256
2025-08-18,634.240031,635.364759,633.569156,634.674133
2025-08-19,634.496449,635.473165,629.918652,631.230835
2025-08-20,630.826452,631.082915,624.462927,629.553711
2025-08-21,627.748329,629.41561,625.311417,627.028076
2025-08-22,629.208414,637.831211,628.705243,636.657166
2025-08-25,635.404241,636.63748,633.7369,633.855286
2025-08-26,633.588945,636.854559,632.967387,636.509216
2025-08-27,635.927097,638.689541,635.779084,637.959473
2025-08-28,638.561284,640.771239,636.686797,640.21875
2025-08-29,638.788169,639.153263,634.516272,636.400635
2025-09-02,628.951937,631.901836,626.406515,631.684814
2025-09-03,634.052556,635.571945,631.872227,635.108215
2025-09-04,635.779147,640.445764,634.881375,640.416138
2025-09-05,642.744478,643.46473,634.703795,638.56134
2025-09-08,639.922799,641.126472,638.551423,640.130005
2025-09-09,640.268054,642.132725,638.541519,641.609863
2025-09-10,644.855728,645.77325,641.90583,643.464661
2025-09-11,645.408199,649.502577,644.826144,648.811951
2025-09-12,648.782303,650.272066,648.091738,648.594849
2025-09-15,650.795105,652.176296,650.499139,652.048035
2025-09-16,652.600407,652.906308,650.370761,651.150146
2025-09-17,651.160135,652.847168,645.526677,650.341248
2025-09-18,653.014849,655.974622,651.416576,653.379883
2025-09-19,655.260655,657.456931,653.321554,656.616028
2025-09-22,655.132045,660.167683,655.102336,659.722534
2025-09-23,659.603772,660.21721,654.914374,656.131287
2025-09-24,657.417277,657.516185,652.628911,654.04364
2025-09-25,650.917495,652.371776,647.425143,651.026306
2025-09-26,652.470762,655.300221,650.858154,654.756104
2025-09-29,657.268987,658.179211,654.795671,656.596252
2025-09-30,655.854147,659.534473,654.548229,659.069458
2025-10-01,656.091695,662.225532,655.982884,661.315369
2025-10-02,663.293878,663.412592,659.663067,662.076965
2025-10-03,662.838904,665.500195,661.02842,662.067261
2025-10-06,664.451492,665.332007,662.314574,664.441589
2025-10-07,665.361629,665.806838,660.543614,661.978149
2025-10-08,663.096078,666.024506,662.27492,665.925537
2025-10-09,666.341097,666.746695,662.0672,663.996338
2025-10-10,664.956002,666.756583,645.871916,646.049988
2025-10-13,653.598507,658.03067,652.727895,655.962952
2025-10-14,650.155632,658.723232,646.198326,655.161621
2025-10-15,659.702664,663.076241,651.896864,658.070251
2025-10-16,659.702776,661.572618,650.096393,653.588745
2025-10-17,652.460824,658.654017,651.115354,657.298645
2025-10-20,660.197387,665.035209,660.147933,664.134888
2025-10-21,664.273362,665.806806,662.828924,664.124939
2025-10-22,664.827425,664.827425,656.220272,660.672241
2025-10-23,660.988803,665.529838,660.672211,664.589966
2025-10-24,669.239816,671.228312,668.438464,670.021362
2025-10-27,675.442806,678.222811,674.839332,677.926025
2025-10-28,679.716721,681.556853,677.520445,679.726624
2025-10-29,681.368922,682.338503,675.581386,680.053162
2025-10-30,676.600357,678.618561,672.573792,672.573792
2025-10-31,677.728203,677.767815,671.990121,674.780029
2025-11-03,678.351474,678.480091,672.682653,676.046387
2025-11-04,668.893546,672.70249,667.379908,668.032837
2025-11-05,667.775554,673.592799,666.974202,670.347839
2025-11-06,669.249681,670.150002,661.582401,663.155457
2025-11-07,660.781013,663.917221,654.152574,663.80835
2025-11-10,670.011503,674.898779,667.82513,674.166687
2025-11-11,672.692588,676.273945,671.485578,675.710022
2025-11-12,677.480861,677.64909,673.681881,676.085938
2025-11-13,673.236667,673.59281,663.363208,664.866943
2025-11-14,658.278102,668.448347,656.190637,664.758179
2025-11-17,662.552018,666.519227,655.102359,658.565002
2025-11-18,655.033066,658.020852,648.859679,653.034668
2025-11-19,653.727265,660.217245,651.718903,655.557495
2025-11-20,665.727665,668.349404,644.932063,645.565247
2025-11-21,648.058289,657.456891,643.903106,651.99585
2025-11-24,655.616775,662.908106,654.52854,661.592285
2025-11-25,661.493375,668.992486,657.387646,667.815186
2025-11-26,670.397369,674.423935,669.497048,672.425476
2025-11-28,673.5928,676.372805,673.236657,676.095825
2025-12-01,671.564717,675.700094,671.495457,673.009155
2025-12-02,674.641468,676.521212,672.079146,674.255676
2025-12-03,673.305944,677.599587,672.435332,676.590515
2025-12-04,677.985466,678.054726,674.067771,677.085205
2025-12-05,678.153594,681.04247,677.273139,678.371277
2025-12-08,679.261741,679.311196,674.295303,676.333313
2025-12-09,675.858384,678.074465,675.304363,675.749512
2025-12-10,675.274727,681.616283,674.038068,680.231262
2025-12-11,677.827133,681.89325,674.888802,681.814087
2025-12-12,680.824833,681.527277,671.920894,674.483276
2025-12-15,678.420769,678.440575,672.000049,673.464233
2025-12-16,671.980228,673.810518,667.77559,671.624084
2025-12-17,672.633136,673.177254,664.035887,664.233765
2025-12-18,670.367578,673.474077,667.696444,669.249634
2025-12-19,671.346369,675.811494,671.227243,675.315369
2025-12-22,678.639344,680.048322,675.315331,679.522461
2025-12-23,678.619507,682.866365,678.569906,682.628235
2025-12-24,682.61832,685.476005,682.469458,685.02948
2025-12-26,685.28742,686.299474,683.928043,684.959961
2025-12-29,682.211448,683.858617,680.75287,682.519043
2025-12-30,682.122139,683.223522,681.258887,681.685547
2025-12-31,681.814586,682.032851,676.426676,676.63501
2026-01-02,680.395659,681.546642,674.551292,677.875305
2026-01-05,681.219228,684.086845,681.060495,682.390076
2026-01-06,682.598491,686.954482,682.44969,686.448425
2026-01-07,686.825414,688.581716,683.977662,684.235657
2026-01-08,683.481544,685.267582,682.161835,684.166199
2026-01-09,685.277515,689.921237,683.838741,688.690857
2026-01-12,685.32714,690.695246,685.277539,689.7724
2026-01-13,690.09989,690.695277,685.991961,688.39325
2026-01-14,685.644576,686.358967,680.722995,685.009521
2026-01-15,689.18702,690.060205,685.892743,686.875061
2026-01-16,688.283999,688.869453,684.751592,686.2995
2026-01-20,676.208345,679.462953,671.326492,672.328674
2026-01-21,674.382637,683.402154,672.874398,680.088074
2026-01-22,684.503511,685.77362,681.596227,683.640259
2026-01-23,682.81678,685.605,681.834402,683.888367
2026-01-26,685.138576,688.75038,684.572986,687.361206
2026-01-27,688.800009,691.131832,688.194751,690.099854
2026-01-28,691.647706,692.431623,688.561824,690.030334
2026-01-29,690.992895,691.657686,679.522489,688.661072
2026-01-30,686.428519,688.829807,681.794729,686.607117
2026-02-02,684.235674,691.528686,684.07688,690.020447
2026-02-03,690.814257,691.558444,678.728661,684.186035
2026-02-04,684.999681,686.091192,676.476289,680.871948
2026-02-05,675.662563,678.39125,670.552452,672.368286
2026-02-06,676.178656,686.944544,675.573338,685.267639
2026-02-09,684.076917,690.476941,683.005331,688.571838
2026-02-10,689.564066,691.141709,686.299525,686.755981
2026-02-11,690.992889,691.737076,683.838745,686.597229
2026-02-12,688.859502,689.960885,675.097002,675.990051
2026-02-13,676.406837,680.961291,672.269172,676.46637
2026-02-17,674.868842,679.631629,670.542647,677.5578
2026-02-18,678.718825,683.809072,677.538045,680.971191
2026-02-19,678.540177,680.862008,676.267886,679.175171
2026-02-20,677.03191,684.711914,676.446456,684.086792
2026-02-23,682.499221,684.652386,675.097015,677.101379
2026-02-24,676.615175,683.015138,674.729876,682.022888
2026-02-25,684.831002,688.303876,684.751605,687.778015
2026-02-26,687.90702,687.926824,679.046176,683.957825
2026-02-27,677.795974,681.536714,676.357199,680.673462
2026-03-02,673.440014,683.283116,672.765291,681.060486
2026-03-03,669.828136,677.31961,664.469963,675.057312
2026-03-04,676.347255,681.764961,674.352823,679.820129
2026-03-05,676.793776,680.21705,670.373888,676.029724
2026-03-06,668.190931,670.870018,664.569256,667.168945
2026-03-09,661.225373,674.650482,657.256374,673.013306
2026-03-10,672.467495,678.063798,669.530474,671.931702
2026-03-11,672.328691,674.809316,668.121561,671.088379
2026-03-12,665.958399,666.444653,660.709419,660.897949
2026-03-13,664.083111,667.129325,656.23438,657.157166
2026-03-16,663.199984,666.861389,661.94974,663.844971
2026-03-17,667.178884,669.212984,664.509729,665.591248
2026-03-18,663.180117,664.529563,656.065703,656.303833
2026-03-19,651.878378,657.84181,650.092341,654.686462
2026-03-20,653.200946,653.380032,641.470333,645.300964
2026-03-23,654.753104,659.280158,650.643916,652.07666
2026-03-24,648.037146,653.718388,646.604402,649.887756
2026-03-25,655.350112,657.558954,650.942447,653.50946
2026-03-26,648.773463,651.549379,641.569964,641.838623
2026-03-27,639.261628,639.420794,629.918941,630.894043
2026-03-30,636.883655,637.142354,626.108285,628.784668
2026-03-31,635.719569,648.256037,634.764385,647.062134
2026-04-01,650.604166,655.200875,649.708678,651.937378
2026-04-02,643.16187,654.882525,641.858475,652.524475
2026-04-06,652.554231,656.394761,652.215979,655.608765
2026-04-07,653.340285,656.285327,647.778434,655.897278
2026-04-08,672.980812,673.667336,668.075668,672.602722
2026-04-09,671.43864,677.726732,670.374026,676.483032
2026-04-10,677.88595,678.592393,675.03042,676.035339
2026-04-13,673.995583,682.840789,673.16981,682.641785
2026-04-14,684.22382,691.079107,684.193942,690.959717
2026-04-15,691.755705,696.750422,690.70105,696.412109
2026-04-16,697.526462,699.237824,695.009245,698.123413
2026-04-17,702.580891,708.799389,702.202801,706.56073
2026-04-20,705.207522,706.331771,702.580814,705.147766
2026-04-21,706.700012,707.694972,699.098506,700.53125
2026-04-22,705.575691,707.864086,704.650325,707.625305
2026-04-23,705.923907,708.769477,698.740327,704.879211
2026-04-24,707.167568,710.868789,705.436348,710.341492
2026-04-27,709.575449,712.023072,708.709839,711.565369
2026-04-28,708.232255,709.28691,705.675201,708.102905
2026-04-29,707.416315,708.610278,704.799566,707.993408
2026-04-30,711.028064,716.162029,706.869139,715.03772
2026-05-01,717.614652,721.216401,716.838554,717.0177
2026-05-04,716.440606,718.480261,711.386194,714.390991
2026-05-05,718.13209,721.385567,717.853472,720.122009
2026-05-06,724.489821,730.887466,724.151569,730.131287
2026-05-07,731.34512,732.419694,726.071846,727.892639
2026-05-08,731.225717,734.359864,730.867546,733.902161
2026-05-11,732.738059,737.05615,732.738059,735.573669
2026-05-12,733.175874,735.116058,728.141381,734.459351
2026-05-13,734.74787,740.160454,731.762991,738.568542
2026-05-14,739.90181,745.752178,739.812237,744.398987
2026-05-15,738.051187,739.712813,734.240535,735.444397
2026-05-18,736.101047,737.682999,729.693504,734.927002
2026-05-19,731.076495,733.932024,727.842876,730.031738
2026-05-20,732.0018,738.130725,730.190966,737.513855
2026-05-21,734.917049,741.115628,733.315178,738.97644
2026-05-22,742.478726,745.16513,740.727588,741.881775
2026-05-26,746.22973,748.33904,744.597982,746.806824
2026-05-27,747.095295,747.592775,744.448669,746.677429
2026-05-28,746.468519,751.343846,745.453641,750.79657
2026-05-29,752.090081,754.259086,750.886158,752.667114
2026-06-01,751.55271,756.447956,750.886104,754.716675
2026-06-02,753.214401,756.567411,752.935783,755.741577
2026-06-03,754.328742,754.975429,749.77181,750.438416
2026-06-04,748.309148,754.48787,747.682319,753.274048
2026-06-05,748.518135,749.025574,731.822742,733.83252
2026-06-08,739.613227,741.583289,734.469303,735.49408
2026-06-09,739.881935,743.135473,718.948004,733.335083
2026-06-10,729.693522,734.658361,721.674149,721.773621
2026-06-11,725.086866,736.270204,720.758755,734.041504
2026-06-12,736.976616,740.687797,731.325253,738.011353
2026-06-15,748.06043,752.866103,747.970918,751.025452
2026-06-16,750.746858,751.632386,746.100413,746.548157
2026-06-17,747.503232,748.358943,735.494061,737.225342
2026-06-18,745.907752,746.376558,742.017388,744.890259
2026-06-22,745.847941,748.321779,741.289254,742.546143
2026-06-23,731.992289,737.79788,730.48602,731.762878
2026-06-24,733.348918,738.117107,729.029688,731.423706
2026-06-25,737.079645,737.538528,727.792709,732.481079
2026-06-26,727.144386,734.705627,714.805032,727.184265
2026-06-29,734.705591,739.7231,730.276587,739.16449
2026-06-30,739.45376,746.167131,739.054787,744.920227
2026-07-01,743.154593,747.583597,740.541087,743.91272
2026-07-02,745.548686,749.448974,738.196947,742.935181
2026-07-06,746.88532,750.546212,745.558598,749.419067
2026-07-07,748.361642,749.09986,743.364103,745.85791
2026-07-08,741.319147,744.301792,737.678225,743.55365
2026-07-09,745.498776,750.107327,743.743187,749.848022
2026-07-10,750.187115,753.548763,746.246887,753.079956
2026-07-13,750.606084,752.042519,746.147185,747.31427
2026-07-14,749.049947,751.473982,746.805521,749.967712
2026-07-15,752.371712,753.70842,748.341741,752.940308
2026-07-16,750.895398,752.700913,746.027481,748.860413
2026-07-17,740.241828,745.438883,738.964969,741.448792
2026-07-20,745.209491,746.875337,739.673251,740.251831
2026-07-21,744.441392,747.18458,742.336633,746.426514
2026-07-22,744.770573,748.162175,744.521192,745.558594
2026-07-23,737.538556,740.720657,733.388887,736.351501
2026-07-24,736.680667,741.877722,735.463657,737.099609
2026-07-27,743.064807,743.683328,734.047222,737.259277
2026-07-28,737.358995,740.950053,734.156924,739.024841
2026-07-29,738.137053,740.840362,727.293983,727.653137
2026-07-30,734.226739,740.61091,732.770395,739.852783
2026-07-31,742.835411,747.04499,735.85275,745.179626
2026-08-03,747.583618,756.700993,746.945189,755.793213
2026-08-04,758.745865,771.494176,758.636152,769.419373
2026-08-05,773.928165,774.925688,767.603904,767.883179
2026-08-06,768.302187,769.908185,765.558999,766.65625
2026-08-07,769.110163,772.002943,767.703621,771.344604
2026-08-10,770.686185,773.130128,769.708632,771.115173
2026-08-11,772.611504,772.691262,767.29469,768.651306
2026-08-12,772.79101,772.980541,769.369513,770.576477
2026-08-13,772.950632,777.439486,772.192505,775.953186
2026-08-14,776.611494,776.87086,773.509212,774.416992
2026-08-17,774.257358,774.855908,770.596466,770.756042
2026-08-18,766.795915,767.593921,765.020295,765.549011
2026-08-19,768.451736,770.556495,766.197324,767.154968
2026-08-20,764.062722,766.2473,760.152388,760.710999
2026-08-21,764.152442,765.947971,762.277094,763.823242
2026-08-24,762.88561,763.324462,760.192286,761.578796
2026-08-25,764.262137,764.880657,761.159855,764.012756
2026-08-26,762.835681,765.449186,762.037674,764.182373
2026-08-27,766.596406,770.44683,765.259698,769.189941
2026-08-28,769.848339,773.379549,766.406873,767.444275
2026-08-31,765.429299,766.097622,762.825718,765.149963
