# snapshot of daily closes taken on 2026-09-20 from Yahoo Finance, split and dividend adjusted, covering 2024-09-20 to 2026-09-18. Five hundred rows give the 499 daily returns the book reports.
Date,AAPL,MSFT,JPM,XOM,JNJ
2024-09-20,226.306885,428.500977,202.57843,108.114159,155.514954
2024-09-23,224.591232,426.768372,202.914322,110.074417,154.62442
2024-09-24,225.48378,422.49585,203.058273,109.783653,154.207611
2024-09-25,224.492065,425.390076,201.714706,107.645195,152.142426
2024-09-26,225.632538,424.602539,201.321259,105.797508,152.890793
2024-09-27,225.900284,421.363708,202.012238,108.630013,152.900284
2024-09-30,231.067078,423.608246,202.357742,109.943115,153.525513
2024-10-01,224.333435,414.147705,198.691727,112.484871,153.459213
2024-10-02,224.898682,410.643005,198.931671,113.976158,152.682388
2024-10-03,223.797867,410.062256,196.954727,114.97036,152.047699
2024-10-04,224.918503,409.589722,203.945374,117.080681,151.84874
2024-10-07,219.850906,403.171143,203.665359,117.587158,151.128769
2024-10-08,223.897049,408.260742,203.491547,114.463882,151.28035
2024-10-09,227.635788,410.967957,206.069595,114.510788,152.189758
2024-10-10,227.139923,409.373138,205.509567,115.495613,152.057129
2024-10-11,225.662277,409.845703,214.634109,115.936424,152.957123
2024-10-14,229.38118,412.621796,213.85202,116.377243,153.089752
2024-10-15,231.910004,412.228027,214.730667,112.878799,155.458099
2024-10-16,229.857193,409.648773,215.937607,113.169556,155.628586
2024-10-17,230.224121,410.239471,216.69075,112.878799,155.808624
2024-10-18,233.050476,411.657104,217.608002,112.559898,156.424362
2024-10-21,234.518204,412.267456,215.319656,112.625565,154.254974
2024-10-22,233.903381,420.861694,216.401062,113.207077,154.842316
2024-10-23,228.845657,417.996887,215.715546,112.803764,157.125397
2024-10-24,228.657242,418.124878,217.231461,112.165985,155.05072
2024-10-25,229.490265,421.49173,214.653412,112.072182,152.407684
2024-10-28,231.46376,419.955963,217.733551,111.518814,153.089752
2024-10-29,231.731506,425.232635,215.223083,109.999382,151.659241
2024-10-30,228.191132,425.803589,216.681076,109.446007,152.151886
2024-10-31,224.035889,400.030701,214.27684,109.530418,151.441391
2024-11-01,221.060791,403.988159,215.261749,107.814026,151.697159
2024-11-04,220.168228,402.10791,212.210556,111.246819,149.906693
2024-11-05,221.596298,405.06131,213.861664,111.575089,150.01091
2024-11-06,220.87236,413.64563,238.55101,113.488449,149.565659
2024-11-07,225.59285,418.813965,228.238831,113.629135,148.476212
2024-11-08,225.324799,415.968933,228.818176,113.591621,147.282578
2024-11-11,222.614471,411.50943,231.048599,112.991348,146.875214
2024-11-12,222.614471,416.451355,231.309311,112.878799,144.601608
2024-11-13,223.498032,418.587555,232.854187,113.929268,145.169998
2024-11-14,226.575745,420.251373,233.539749,114.004913,143.872162
2024-11-15,223.378952,408.546173,236.861267,112.822884,145.889984
2024-11-18,226.377182,409.294373,236.590912,113.768501,146.619446
2024-11-19,226.6353,411.292816,234.717728,112.179855,144.942657
2024-11-20,227.350098,409.028564,232.487289,113.777977,145.04686
2024-11-21,226.873581,407.262909,236.330231,115.30043,147.310989
2024-11-22,228.213821,411.336823,239.989685,115.168053,146.998352
2024-11-25,231.19223,413.102509,241.669724,113.446999,147.576263
2024-11-26,233.36647,422.177551,241.360794,111.55574,147.557175
2024-11-27,233.237381,417.245453,241.186966,111.262604,148.397507
2024-11-29,235.620117,417.709076,241.1194,111.546303,148.025055
2024-12-02,237.863831,425.126984,237.768906,111.442261,147.824554
2024-12-03,240.901764,425.343933,236.388153,111.272057,145.494476
2024-12-04,241.259186,431.479462,235.017044,108.066383,143.689636
2024-12-05,241.288956,436.608856,237.025406,108.539192,142.782471
2024-12-06,241.090408,437.54599,238.840668,107.394981,142.581909
2024-12-09,244.972229,439.962708,235.412933,106.761414,142.858871
2024-12-10,245.984894,437.309235,234.495651,106.543922,142.505508
2024-12-11,244.714111,442.892334,235.142593,105.834686,140.032242
2024-12-12,246.173523,443.45459,233.211456,105.740135,139.650269
2024-12-13,246.342285,441.195709,231.676224,104.813408,140.013138
2024-12-16,249.231323,445.457062,231.328613,102.572281,137.36795
2024-12-17,251.653748,448.288055,230.150635,102.137291,139.812592
2024-12-18,246.262863,431.44989,222.435806,100.633736,138.227386
2024-12-19,247.990326,431.094727,224.936615,99.773216,137.110123
2024-12-20,252.656494,430.670624,229.416824,100.11364,137.960037
2024-12-23,253.430847,429.338959,230.179611,100.520271,138.723969
2024-12-24,256.339752,433.363525,233.9646,100.614822,139.277847
2024-12-26,257.153839,432.160095,234.766006,100.699928,139.020004
2024-12-27,253.748535,424.683014,232.863861,100.690475,138.51387
2024-12-30,250.382965,419.060455,231.077591,100.009628,136.88092
2024-12-31,248.615784,415.775696,231.454147,101.721214,138.103256
2025-01-02,242.09314,412.895355,231.734177,101.475342,137.530304
2025-01-03,241.606659,417.600586,234.901184,101.995445,137.692642
2025-01-06,243.234833,422.039429,233.755951,101.881966,137.186508
2025-01-07,240.464935,416.633911,236.007599,102.837051,139.640701
2025-01-08,240.951385,418.794159,235.968811,101.116005,135.859177
2025-01-10,235.143585,413.260345,232.80481,100.747215,135.6586
2025-01-13,232.711212,411.524261,237.016983,103.347694,137.960037
2025-01-14,231.599258,410.024933,240.180984,103.754326,138.227386
2025-01-15,236.156204,420.520386,244.917206,105.446991,138.437485
2025-01-16,226.615448,418.813843,246.780685,105.267326,141.111343
2025-01-17,228.323044,423.20343,251.526642,106.212944,140.404663
2025-01-21,221.035919,422.680603,255.282623,105.409157,141.474197
2025-01-22,222.217361,440.140228,255.098251,103.574646,138.723969
2025-01-23,222.048615,440.643311,258.116669,104.160934,140.032242
2025-01-24,221.174911,438.029327,257.039307,102.751945,140.204132
2025-01-27,228.203934,428.658325,258.019592,104.179848,146.00061
2025-01-28,236.543396,441.126678,259.271606,102.165657,143.603699
2025-01-29,237.635468,436.322815,258.728088,102.761398,144.338989
2025-01-30,235.87822,409.354065,260.329498,103.612473,145.981491
2025-01-31,234.299683,409.423126,259.42688,101.021446,145.293945
2025-02-03,226.367249,405.339447,258.951294,101.267303,145.026566
2025-02-04,231.122742,406.769684,260.048035,103.981255,146.573563
2025-02-05,230.79512,407.677185,262.464691,103.905609,147.719482
2025-02-06,231.539703,410.172882,268.74411,102.534454,146.592651
2025-02-07,225.990005,404.185272,267.676514,102.969437,146.220215
2025-02-10,226.258331,406.621674,263.056702,104.936356,147.28978
2025-02-11,231.197952,405.852325,266.890381,105.598289,149.09462
2025-02-12,235.421967,403.484955,267.336823,102.421181,148.263794
2025-02-13,240.053497,404.964539,268.181183,103.165367,150.164108
2025-02-14,243.104706,402.883179,268.443237,103.270309,149.113693
2025-02-18,242.975525,404.076782,271.704285,105.083084,149.190704
2025-02-19,243.373062,409.137085,271.024872,105.235741,151.982193
2025-02-20,244.327194,411.301697,258.941559,106.857689,153.7052
2025-02-21,244.048904,403.473572,256.457062,105.607834,156.227188
2025-02-24,245.589432,399.312408,253.64241,106.161201,157.613297
2025-02-25,245.5298,393.283203,249.818451,104.69191,159.875366
2025-02-26,238.890656,395.09198,251.167542,104.434311,156.977982
2025-02-27,235.84935,387.975525,251.41983,105.092628,157.603668
2025-02-28,240.361588,392.383789,256.854919,106.218437,158.845398
2025-03-03,236.57489,383.982422,252.94368,102.812355,161.020859
2025-03-04,234.487701,384.100952,242.879059,102.602455,159.230453
2025-03-05,234.298874,396.367004,244.121368,100.598877,158.941681
2025-03-06,233.891373,392.284973,239.278336,102.678787,159.625092
2025-03-07,237.608536,388.74649,235.143814,104.014511,160.452927
2025-03-10,226.089386,375.749023,225.380127,106.66687,161.42511
2025-03-11,219.48996,376.035706,222.390854,104.148079,159.653976
2025-03-12,215.653564,378.822906,221.187363,104.119461,156.756607
2025-03-13,208.398163,374.375153,218.55719,103.680573,156.891357
2025-03-14,212.184891,384.051544,225.593658,106.762276,156.718109
2025-03-17,212.691772,384.189972,227.039749,108.53688,156.746964
2025-03-18,211.389786,379.070038,228.049133,108.422386,158.104218
2025-03-19,213.92421,383.32019,232.067184,110.111107,156.891357
2025-03-20,212.791183,382.351562,231.970139,110.578621,156.920242
2025-03-21,216.935684,386.720215,234.512955,110.196991,157.507431
2025-03-24,219.38063,388.519135,240.753571,110.483215,157.18013
2025-03-25,222.382172,390.574982,243.733139,111.236938,154.995087
2025-03-26,220.175751,385.44519,243.636108,112.839798,155.6689
2025-03-27,222.481583,386.048126,240.811798,112.477257,157.026154
2025-03-28,216.567947,374.404785,235.697037,112.324608,157.584427
2025-03-31,220.772079,371.034393,238.074875,113.469498,159.634705
2025-04-01,221.825607,377.755463,236.483185,113.574448,147.515823
2025-04-02,222.521347,377.706085,238.579559,113.221428,149.54686
2025-04-03,201.947845,368.780853,221.954117,107.267937,153.839981
2025-04-04,187.228409,355.664795,205.34343,99.549377,147.506195
2025-04-07,180.350723,353.707794,209.405762,98.213661,144.984192
2025-04-08,171.365967,350.446075,211.778717,96.143288,144.387421
2025-04-09,197.634415,385.959137,228.838593,100.942352,145.321106
2025-04-10,189.255936,376.925262,221.778336,95.341858,143.126419
2025-04-11,196.938675,383.942871,230.654938,98.404472,146.052673
2025-04-14,201.281967,383.310272,229.209671,98.642998,148.584259
2025-04-15,200.904282,381.254425,227.657028,98.366318,147.871964
2025-04-16,193.082382,367.298218,224.21965,99.406273,148.151108
2025-04-17,195.775833,363.512634,226.514496,102.010925,151.577911
2025-04-21,191.979202,354.953125,223.614212,100.513016,151.048508
2025-04-22,198.518951,362.563843,230.05925,103.327568,151.847443
2025-04-23,203.349258,370.04599,235.225067,102.440262,149.566116
2025-04-24,207.096207,382.806152,238.89679,103.64241,149.13295
2025-04-25,208.000626,387.303375,237.832397,103.585159,148.796066
2025-04-28,208.855377,386.621429,237.510132,103.64241,149.537231
2025-04-29,209.918839,389.467987,238.877243,103.384811,150.076279
2025-04-30,211.200958,390.673798,238.877243,100.780159,150.461319
2025-05-01,212.015945,420.464142,241.093979,100.923264,148.680542
2025-05-02,204.094666,430.229492,246.582031,101.333519,150.278412
2025-05-05,197.674149,431.109161,246.630875,98.528496,149.200317
2025-05-06,197.296448,428.282318,243.39856,99.90239,148.69014
2025-05-07,195.050293,428.321869,243.535278,99.806984,151.414276
2025-05-08,196.282715,433.085968,247.519485,101.199951,149.835632
2025-05-09,197.316345,433.639465,247.138657,102.383018,148.449524
2025-05-12,209.776138,444.047272,253.945023,104.148079,148.372513
2025-05-13,211.905853,443.92868,256.835571,104.434311,142.885788
2025-05-14,211.308716,447.68457,259.403809,103.499298,140.883621
2025-05-15,210.432953,448.694611,261.210358,104.548836,144.012024
2025-05-16,210.243866,449.823425,261.278717,104.173309,145.667664
2025-05-19,207.775787,454.378418,258.661652,102.517174,146.784256
2025-05-20,205.865036,453.685303,259.44281,101.053596,147.910446
2025-05-21,201.117981,448.140076,254.911804,99.811493,147.448425
2025-05-22,200.391495,450.407654,254.550476,99.147118,146.89975
2025-05-23,194.330795,445.773468,254.589508,99.204872,147.217422
2025-05-27,199.247025,456.180634,259.062012,99.676689,148.780457
2025-05-28,199.456024,452.883179,257.30426,98.319046,147.984375
2025-05-29,198.988251,454.190308,258.163605,98.877518,149.10083
2025-05-30,199.883926,455.853821,257.802277,98.501991,150.683289
2025-06-02,200.729843,457.44809,258.446808,99.224144,150.867737
2025-06-03,202.292297,458.438263,260.018982,99.946297,149.916336
2025-06-04,201.844482,459.329468,258.01712,98.501991,148.751312
2025-06-05,199.665024,463.102173,255.80043,98.049438,149.178467
2025-06-06,202.939178,465.775757,259.491669,100.398849,150.508545
2025-06-09,200.481049,468.122559,260.477936,101.072861,150.702698
2025-06-10,201.69519,466.310486,262.294312,103.239326,151.887146
2025-06-11,197.823898,467.993805,261.854858,105.251732,150.731812
2025-06-12,198.241882,474.182648,261.942719,105.656143,152.091003
2025-06-13,195.505112,470.310883,258.730042,107.957405,152.518188
2025-06-16,197.465637,474.450043,264.012939,108.304039,150.692993
2025-06-17,194.699005,473.360779,263.192719,109.767609,147.935822
2025-06-18,195.63446,475.539246,267.528473,108.987679,146.333939
2025-06-20,200.033218,472.72699,268.544037,110.441612,145.421356
2025-06-23,200.530823,481.242889,271.737274,107.591499,146.906754
2025-06-24,199.336578,485.312622,274.657104,104.317741,147.751358
2025-06-25,200.59053,487.451508,277.391357,104.346626,147.838745
2025-06-26,200.033218,492.580811,281.971252,105.906487,147.576599
2025-06-27,200.112839,491.085571,280.369751,105.31913,147.964951
2025-06-30,204.183167,492.541168,283.104004,103.797791,148.295029
2025-07-01,206.820419,487.233612,283.592285,105.184326,151.372574
2025-07-02,211.418213,486.283051,285.144958,106.927139,151.023087
2025-07-03,212.522858,493.957214,290.443573,108.034431,151.459961
2025-07-07,208.94017,492.848114,286.489258,106.984901,150.741531
2025-07-08,208.999878,491.758881,277.471741,109.950562,151.246353
2025-07-09,210.124451,498.581512,277.844604,109.575035,151.722076
2025-07-10,211.388336,496.57135,282.780243,110.663078,153.090973
2025-07-11,210.144348,498.393311,281.475159,111.144524,152.324005
2025-07-14,207.616562,498.096252,283.28064,109.690575,152.246338
2025-07-15,208.104218,500.868866,281.17099,108.718079,150.644455
2025-07-16,209.14917,500.670837,280.454651,108.063324,159.974182
2025-07-17,209.009857,506.691315,284.45813,107.514481,158.226669
2025-07-18,210.164261,505.057465,285.802368,103.768906,158.925674
2025-07-21,211.457993,505.067352,285.508026,104.038521,159.566422
2025-07-22,213.368774,500.324249,285.959381,104.510315,163.032303
2025-07-23,213.119949,500.918335,291.189362,105.848709,164.168198
2025-07-24,212.731842,505.879333,290.983246,106.676781,164.614746
2025-07-25,212.851273,508.681671,293.014404,106.301262,163.391525
2025-07-28,213.020462,507.483459,292.680786,107.302658,161.372177
2025-07-29,210.253845,507.552795,291.464111,108.689194,163.207047
2025-07-30,208.04451,508.216248,294.005463,107.745575,162.381836
2025-07-31,206.571609,528.277832,290.679047,107.495232,159.935364
2025-08-01,201.406601,518.979858,283.93808,105.569481,162.449799
2025-08-04,202.371918,530.396912,288.736237,103.383759,166.05159
2025-08-05,201.943985,522.584167,285.900513,103.258583,165.760361
2025-08-06,212.224304,519.801697,285.88089,102.555687,165.614716
2025-08-07,218.971695,515.741821,281.55365,102.016472,166.527328
2025-08-08,228.246872,516.930115,283.339508,102.83493,168.274826
2025-08-11,226.343887,516.66272,284.124451,101.900932,168.750549
2025-08-12,228.804779,524.059631,287.352722,102.189789,167.74086
2025-08-13,232.471252,515.484375,285.076263,103.605209,169.333008
2025-08-14,231.923279,517.365723,288.638153,103.393379,169.624268
2025-08-15,230.737656,515.078308,285.037018,103.49057,171.488297
2025-08-18,230.040237,512.038452,286.057495,103.714096,171.109665
2025-08-19,229.711456,504.780182,285.203857,104.394371,172.614441
2025-08-20,225.178192,500.769836,286.75415,105.473106,173.624115
2025-08-21,224.072266,500.125092,285.998627,106.153397,173.711487
2025-08-22,226.921753,503.090759,290.679047,108.145645,174.060989
2025-08-25,226.323975,500.144989,289.364258,108.592682,173.20665
2025-08-26,228.466034,497.943115,292.965332,108.349724,172.600327
2025-08-27,229.641724,502.604706,293.662018,109.574249,172.893692
2025-08-28,231.704086,505.481079,295.418427,110.157349,171.583252
2025-08-29,231.285614,502.555145,295.761871,111.070862,173.26532
2025-09-02,228.874542,500.997925,294.074158,111.459602,174.135712
2025-09-03,237.592346,501.226074,293.887695,108.757904,174.077026
2025-09-04,238.897507,503.824707,298.116821,109.2341,174.820297
2025-09-05,238.807846,490.960541,288.854004,106.153397,174.497559
2025-09-08,237.004517,494.13443,287.411591,106.75592,174.204178
2025-09-09,233.487503,494.342743,292.258881,107.533394,173.059967
2025-09-10,225.955338,496.286713,294.898407,109.331291,171.915756
2025-09-11,229.183411,496.921509,299.824158,108.98143,174.56601
2025-09-12,233.208527,505.738953,301.148834,109.000862,174.135712
2025-09-15,235.828857,511.154388,303.10141,109.185509,173.49025
2025-09-16,237.273514,504.885956,303.385986,111.449883,172.570999
2025-09-17,238.110443,505.857971,305.897949,112.042709,173.294678
2025-09-18,237.004517,504.300812,307.350159,110.721008,170.321686
2025-09-19,244.596466,513.703369,308.871063,109.642265,172.306946
2025-09-22,255.137512,510.25177,306.575012,108.864799,170.370575
2025-09-23,253.493591,505.074463,306.869354,110.74044,172.688339
2025-09-24,251.381393,505.986908,307.536652,111.33326,172.795929
2025-09-25,255.924606,502.892365,307.56604,112.334251,173.812988
2025-09-26,254.519806,507.286194,310.127014,113.918335,175.749374
2025-09-29,253.493591,510.400543,309.763977,111.002846,177.617264
2025-09-30,253.692856,513.723267,309.50885,109.574249,181.333496
2025-10-01,254.509842,515.468933,304.877472,108.835648,181.949631
2025-10-02,256.183655,511.531311,301.776764,108.155365,181.881165
2025-10-03,257.070374,513.128113,304.210236,110.069885,184.482544
2025-10-06,255.745285,524.256592,304.851105,110.983398,184.013123
2025-10-07,255.536072,519.704041,303.382019,111.041718,184.72702
2025-10-08,257.110229,520.566895,299.773224,110.808472,185.509415
2025-10-09,253.105026,518.136963,301.252197,109.729744,186.868774
2025-10-10,244.36731,506.790283,296.677216,107.611137,186.516724
2025-10-13,246.74852,509.855072,303.658081,109.078606,186.692719
2025-10-14,246.858109,509.378967,297.850525,109.127197,186.643845
2025-10-15,248.422333,509.240112,301.410004,108.466354,186.956787
2025-10-16,246.539291,507.434967,294.360077,107.523682,187.885849
2025-10-17,251.361481,509.388977,293.393829,109.078606,188.961609
2025-10-20,261.274841,512.572693,298.126587,109.525642,189.450592
2025-10-21,261.802917,513.435608,292.930359,109.53537,187.651154
2025-10-22,257.49884,516.292114,289.992126,111.479042,188.68779
2025-10-23,258.624634,516.311951,290.416107,112.713272,188.228134
2025-10-24,261.852722,519.337036,296.23349,112.139885,186.203751
2025-10-27,267.820709,527.182556,299.891541,112.674393,186.105957
2025-10-28,268.009979,537.646423,301.084595,111.790024,182.810226
2025-10-29,268.707397,537.130676,301.232513,113.170013,182.487503
2025-10-30,270.401154,521.469482,305.107513,111.459602,184.883499
2025-10-31,269.374939,513.584351,306.763977,111.138893,184.707489
2025-11-03,268.059753,512.81073,305.018768,110.555801,182.154999
2025-11-04,269.046173,510.132843,304.920166,110.925095,182.741776
2025-11-05,269.145813,503.021301,307.316101,110.478058,181.900726
2025-11-06,268.77713,493.043396,309.031799,111.274963,182.84935
2025-11-07,267.481903,492.765686,309.810669,113.918335,182.458176
2025-11-10,268.698608,501.870728,312.453217,114.890182,184.257629
2025-11-11,274.502838,504.5289,311.200958,116.406235,189.558167
2025-11-12,272.727631,506.968842,315.92392,114.792992,190.10582
2025-11-13,272.209076,499.182861,305.146942,115.444122,190.946869
2025-11-14,271.670532,506.016663,299.3591,116.944031,191.611877
2025-11-17,266.733948,503.348572,296.164459,115.365692,195.181442
2025-11-18,266.71402,489.760437,295.217896,116.68914,195.592178
2025-11-19,267.830963,483.144836,299.023865,115.042183,198.04686
2025-11-20,265.527252,475.41391,294.202332,114.718666,198.594513
2025-11-21,270.753021,469.143646,293.847351,114.777489,199.406219
2025-11-24,275.171021,471.011841,293.827667,113.689323,201.50885
2025-11-25,276.21814,473.982941,298.757629,112.258026,203.398468
2025-11-26,276.79657,482.439301,303.332703,112.512917,204.274368
2025-11-28,278.093018,488.908295,308.696533,113.640297,203.644501
2025-12-01,282.331482,483.671478,304.594788,114.336342,202.089493
2025-12-02,285.413116,486.91095,303.569336,113.110924,202.168259
2025-12-03,283.378662,474.718292,307.759827,115.48333,202.079666
2025-12-04,279.938049,477.808685,311.674255,114.836304,199.27478
2025-12-05,278.023254,480.114075,310.629089,114.248116,198.733475
2025-12-08,277.135651,487.92453,310.796692,113.69912,198.428391
2025-12-09,276.427582,488.918182,296.302521,115.924484,196.794678
2025-12-10,278.023254,475.54306,305.768097,117.18911,203.270508
2025-12-11,277.275238,480.422119,312.93631,117.18911,206.685577
2025-12-12,277.524597,475.513245,314.060333,116.483269,208.230743
2025-12-15,273.365875,471.82666,315.539368,115.444122,210.779724
2025-12-16,273.864532,473.38678,311.131897,112.42469,205.986816
2025-12-17,271.102051,473.118439,310.569946,115.101013,207.000519
2025-12-18,271.451111,480.928894,308.617645,114.248116,205.012497
2025-12-19,272.927124,482.856659,312.768677,114.395164,203.10321
2025-12-22,270.234467,481.863007,318.566345,115.826454,204.038177
2025-12-23,271.620667,483.780823,321.366608,117.071472,202.522537
2025-12-24,273.066742,484.94342,324.561249,116.875404,204.490891
2025-12-26,272.657806,484.635406,323.318878,116.76757,204.343277
2025-12-29,273.016876,484.029236,319.217133,118.159645,204.274368
2025-12-30,272.338684,484.40686,318.891754,118.610596,203.634659
2025-12-31,271.122009,480.571167,317.708557,117.973381,203.674026
2026-01-02,270.274323,469.958496,320.922943,120.237961,204.067703
2026-01-05,266.534515,469.86908,329.363068,122.894661,201.075806
2026-01-06,261.647797,475.493408,331.413269,118.669418,201.548203
2026-01-07,259.623291,480.422119,323.866089,116.15976,204.205475
2026-01-08,258.336853,475.095886,326.639343,120.492844,202.493011
2026-01-09,258.665924,476.258514,326.045074,122.159409,201.154556
2026-01-12,259.543518,474.171753,321.389954,121.590813,206.400192
2026-01-13,260.341339,467.70282,307.929779,124.051445,210.267975
2026-01-14,259.254333,456.484009,304.928741,127.639458,215.090393
2026-01-15,257.509064,453.781158,306.305481,126.590515,216.094269
2026-01-16,254.836349,456.960968,309.484802,127.335564,215.198654
2026-01-20,246.030319,451.654602,299.847748,127.894371,214.755783
2026-01-21,246.977753,441.310211,299.15448,130.982422,214.558945
2026-01-22,247.675842,448.295929,300.729248,131.011826,215.031342
2026-01-23,247.366684,463.012573,294.875702,132.315659,216.655212
2026-01-26,254.716675,467.315247,298.164001,132.188202,217.983871
2026-01-27,257.568878,477.550354,297.440979,134.139084,220.887146
2026-01-28,255.743881,478.593689,297.896545,134.874329,224.11525
2026-01-29,257.578888,430.767151,303.492615,137.746704,223.692047
2026-01-30,258.775635,427.577362,302.967682,138.619202,223.652664
2026-02-02,269.277069,420.701019,305.196198,135.678207,227.09729
2026-02-03,268.748505,408.617645,311.842072,140.903397,229.41008
2026-02-04,275.739441,411.578888,314.238922,144.687469,230.758392
2026-02-05,275.161011,391.188232,307.196869,143.207169,234.025818
2026-02-06,277.365021,398.611145,319.319946,146.118774,236.19101
2026-02-09,274.130798,410.992584,319.022827,148.236298,234.862366
2026-02-10,273.192444,410.664673,315.239288,148.60881,234.576981
2026-02-11,275.009216,401.82074,307.850586,152.500748,237.047241
2026-02-12,261.263763,399.306702,299.748718,147.961136,240.678833
2026-02-13,255.324356,398.790009,299.659546,146.50058,239.596237
2026-02-17,263.409943,394.358124,304.195801,144.270264,239.478134
2026-02-18,263.87912,397.080841,305.830048,148.701294,241.111877
2026-02-19,260.115784,396.851776,305.107025,148.987488,243.001465
2026-02-20,264.108673,395.62674,307.820862,145.345947,238.651443
2026-02-23,265.705811,382.918213,294.826233,148.780243,241.948395
2026-02-24,271.655243,387.429962,294.459717,147.299942,243.669952
2026-02-25,273.741516,398.983124,300.402374,147.10257,242.571716
2026-02-26,272.463776,400.098602,303.205383,146.589386,240.88974
2026-02-27,263.709412,391.154846,297.431061,150.497406,245.79718
2026-03-02,264.248413,396.941376,294.717255,152.194809,245.925797
2026-03-03,263.280182,402.299683,297.391449,149.836197,244.134979
2026-03-04,262.052338,403.564575,296.529785,147.8526,242.700348
2026-03-05,259.826324,409.02243,290.745544,148.780243,237.090439
2026-03-06,257.001343,407.309387,286.714447,149.22435,237.852264
2026-03-09,259.417053,407.757568,287.150269,148.464447,240.019073
2026-03-10,260.365356,404.122314,285.971619,146.184799,241.127213
2026-03-11,260.345398,403.24585,284.773163,149.589478,240.414825
2026-03-12,255.304398,400.238037,280.187439,151.51387,239.474899
2026-03-13,249.674438,393.953491,280.732147,154.069855,238.960419
2026-03-16,252.369644,398.335754,283.426147,155.165283,240.612717
2026-03-17,253.777115,397.797913,284.1492,156.724533,235.586548
2026-03-18,249.494766,390.20871,284.991028,155.520554,234.76535
2026-03-19,248.516525,387.44986,285.218872,156.083069,235.081955
2026-03-20,247.548233,380.328735,283.822327,157.573242,232.87558
2026-03-23,251.042007,381.454193,287.14032,159.014084,232.925049
2026-03-24,251.191727,371.235565,289.606537,163.208267,232.776642
2026-03-25,252.169983,369.54245,292.597717,161.116104,237.387253
2026-03-26,252.439514,364.49292,288.873596,163.257599,236.70459
2026-03-27,248.356796,355.330017,280.137878,168.744583,237.901749
2026-03-30,246.190659,357.511169,281.05899,169.218277,239.920135
2026-03-31,253.337906,368.675964,291.349731,167.432053,241.849472
2026-04-01,255.174637,367.879181,292.558075,158.668671,241.532852
2026-04-02,255.464111,371.952667,291.785522,158.579849,240.464294
2026-04-06,258.398865,371.375,294.125,161.224655,238.416245
2026-04-07,253.048416,370.787415,296.066254,161.757568,235.883377
2026-04-08,258.438812,372.819153,306.588837,154.168549,238.742752
2026-04-09,260.02597,371.56427,308.938232,153.004044,238.75264
2026-04-10,260.015991,369.373138,308.480316,150.507248,235.932846
2026-04-13,258.738281,382.818634,312.273224,150.635559,235.438141
2026-04-14,258.368927,391.523346,309.724701,147.280212,237.555466
2026-04-15,265.955383,409.560272,304.557983,147.053223,236.14061
2026-04-16,262.930786,418.563782,308.559967,149.984222,232.054367
2026-04-17,269.748627,421.083588,308.898438,144.516968,231.698196
2026-04-20,272.563568,416.382629,315.56839,145.740677,228.245193
2026-04-21,265.695862,422.448059,311.596283,146.411758,223.763199
2026-04-22,272.683411,431.172699,311.61618,147.536789,223.703842
2026-04-23,272.942902,414.07196,310.292175,148.553268,228.205597
2026-04-24,270.577118,422.906189,306.897461,146.954544,225.089005
2026-04-27,267.13327,423.105377,310.232422,146.244003,222.951874
2026-04-28,270.227753,427.517487,310.053253,148.58287,225.375916
2026-04-29,269.688721,422.746796,307.863098,152.638901,224.940598
2026-04-30,270.866638,406.134155,311.825256,152.30336,227.414093
2026-05-01,279.640991,412.767273,311.068665,150.74411,224.782272
2026-05-04,276.336823,411.950562,306.270264,151.671768,221.823959
2026-05-05,283.673767,409.719635,308.012421,152.846146,223.159668
2026-05-06,286.997864,412.289185,313.487762,146.737427,222.239517
2026-05-07,286.927979,419.071716,304.896454,144.655136,220.151855
2026-05-08,292.797485,413.444519,300.745178,142.671539,218.974487
2026-05-11,292.427795,410.994446,298.654572,147.714432,219.083313
2026-05-12,294.545959,406.124176,303.512695,148.651962,221.883331
2026-05-13,298.612457,403.574524,298.903473,149.57962,227.978043
2026-05-14,297.953033,407.777496,298.565002,150.773712,228.354019
2026-05-15,299.971313,420.217072,296.474396,156.904022,224.307373
2026-05-18,297.583344,421.830566,299.381317,159.457489,226.493942
2026-05-19,298.712372,415.73526,294.373871,161.504242,227.562485
2026-05-20,301.989563,419.360535,300.625732,155.274567,226.889709
2026-05-21,304.727173,418.302521,301.641144,154.290939,229.274155
2026-05-22,308.553894,417.783539,305.005981,153.923325,231.856506
2026-05-26,308.064301,415.248291,305.364349,148.846191,229.050339
2026-05-27,310.582153,411.894623,297.937805,146.948486,230.154892
2026-05-28,312.240723,426.187683,295.399261,146.014542,229.667297
2026-05-29,311.791107,449.394012,297.967682,144.32547,224.224136
2026-06-01,306.046051,459.654694,295.249908,148.418976,222.413071
2026-06-02,314.928406,440.480774,299.61026,148.597809,221.796112
2026-06-03,309.992645,426.537048,299.500793,151.548706,222.144409
2026-06-04,310.961823,427.245697,309.495758,151.061844,227.050201
2026-06-05,307.075165,415.887085,310.969116,148.95549,231.62764
2026-06-08,301.280182,410.966339,309.714752,150.773712,231.02063
2026-06-09,290.299622,402.652008,311.297638,147.951996,235.836868
2026-06-10,291.328735,396.613342,307.753601,149.650986,237.319565
2026-06-11,295.375244,389.606567,312.084076,145.65686,237.160339
2026-06-12,290.87915,390.005798,319.281677,146.064209,239.687866
2026-06-15,296.164581,399.008881,317.96759,140.013397,234.503448
2026-06-16,298.982147,393.089996,329.654938,140.947342,234.025787
2026-06-17,295.694977,378.198029,331.964508,139.834549,233.050613
2026-06-18,297.753204,378.687103,323.761475,136.923401,227.269119
2026-06-22,296.754089,366.64978,329.993408,137.579163,230.154892
2026-06-23,294.046387,373.237366,332.641479,138.831039,237.906662
2026-06-24,292.827423,364.773315,331.95459,136.019257,239.81723
2026-06-25,274.912903,352.167023,333.617065,136.66507,243.678207
2026-06-26,283.535461,372.269196,327.57428,135.66156,253.410202
2026-06-29,281.497223,367.877472,327.912781,135.184662,257.241302
2026-06-30,289.110657,372.319092,325.862,135.840408,252.723587
2026-07-01,294.126343,383.557953,332.571808,135.403244,252.733536
2026-07-02,308.364044,389.756256,332.970001,136.208023,261.749084
2026-07-06,312.390594,386.013306,337.720001,135.56221,258.057251
2026-07-07,310.392303,388.109375,339.220001,140.778442,265.928436
2026-07-08,313.119965,382.61972,330.619995,140.222046,262.1073
2026-07-09,315.94751,383.637787,335.470001,136.575653,257.8284
2026-07-10,315.048309,384.376404,336.470001,137.986526,255.718826
2026-07-13,317.03656,390.255341,334.529999,143.580292,256.504913
2026-07-14,314.588684,384.206726,342.890015,144.156555,252.604187
2026-07-15,327.217804,394.886627,346.910004,143.580292,245.807693
2026-07-16,332.972839,400.346344,343.149994,145.011032,248.74321
2026-07-17,333.452393,393.080017,341.100006,146.411957,251.798141
2026-07-20,326.308563,401.534119,338.869995,147.405533,247.598862
2026-07-21,327.457581,397.002625,345.230011,150.733978,249.380081
2026-07-22,325.609192,389.606567,348.209991,153.456345,254.375443
2026-07-23,321.382843,380.863007,349.899994,155.880646,257.997559
2026-07-24,332.733032,380.982819,353.209991,155.930328,262.1073
2026-07-27,336.61969,388.368896,356.200012,153.774292,264.644806
2026-07-28,339.786926,392.610901,357.309998,152.05542,265.420959
2026-07-29,337.89859,389.806183,344.709991,155.741547,264.226837
2026-07-30,333.14267,450.252411,350.850006,155.960144,254.564514
2026-07-31,308.643829,463.846802,351.790009,154.439987,255.091904
2026-08-03,303.158569,486.733704,352.640015,154.062424,253.161423
2026-08-04,309.113403,491.884033,357.519989,152.969513,253.678864
2026-08-05,310.732025,486.544067,359.23999,150.654495,256.325806
2026-08-06,312.140808,498.920746,356.299988,153.843842,255.718826
2026-08-07,313.059998,499.050507,357.519989,152.05542,257.967712
2026-08-10,308.26001,505.109131,359.790009,158.761993,260.525116
2026-08-11,304.910004,502.863342,362.040009,158.771927,258.524963
2026-08-12,302.25,491.50473,365.179993,158.722244,259.579742
2026-08-13,305.26001,495.946381,363.109985,157.589584,260.793762
2026-08-14,305.929993,494.469147,362.839996,159.070007,259.072266
2026-08-17,305.589996,479.447449,360.959991,161.460007,261.082367
2026-08-18,310.029999,480.725037,363.25,165.559998,269.779449
2026-08-19,316.829987,483.399994,357.26001,164.770004,272.068176
2026-08-20,311.299988,481.149994,351.549988,166.149994,266.057831
2026-08-21,309.350006,483.23999,351.579987,165.110001,268.913727
2026-08-24,310.339996,487.309998,356.390015,164.050003,271.700012
2026-08-25,309.899994,491.709991,356.690002,160.639999,273.140015
2026-08-26,313.450012,496.369995,356.5,158.190002,270.0
2026-08-27,314.579987,505.059998,354.220001,156.440002,265.769989
2026-08-28,319.700012,513.530029,357.619995,156.710007,268.040009
2026-08-31,316.850006,507.290009,356.019989,160.949997,265.850006
2026-09-01,325.130005,501.019989,354.950012,164.550003,271.190002
2026-09-02,324.959991,496.820007,356.220001,164.149994,275.209991
2026-09-03,328.209991,510.119995,362.059998,162.210007,278.429993
2026-09-04,319.970001,499.700012,358.640015,159.470001,275.230011
2026-09-08,316.220001,493.950012,353.51001,160.660004,269.119995
2026-09-09,315.339996,491.649994,354.709991,164.229996,267.079987
2026-09-10,326.570007,492.440002,353.559998,165.229996,266.350006
2026-09-11,332.269989,495.630005,356.230011,165.990005,265.579987
2026-09-14,333.079987,505.410004,350.130005,165.080002,266.320007
2026-09-15,331.339996,497.119995,352.48999,169.320007,267.200012
2026-09-16,332.410004,490.299988,348.920013,163.320007,267.279999
2026-09-17,337.0,497.75,349.309998,163.270004,270.220001
2026-09-18,336.130005,493.779999,349.670013,163.539993,269.98999
